generated_tokens,gamma,delta,perplexity,green_fraction,z_score,p_value,prediction
200,0.25,1.0,7.29389671254314,0.41,5.225578117937447,8.680590135590194e-08,True
200,0.25,1.0,5.240646911592028,0.43,5.878775382679628,2.066563808966748e-09,True
200,0.25,1.0,13.847254563776339,0.555,9.961258287318257,0.0,True
200,0.25,1.0,6.994988459413878,0.415,5.388877434122992,3.5449567614698196e-08,True
200,0.25,1.0,9.094743502124881,0.48,7.511768544535079,2.90878432451791e-14,True
200,0.25,1.0,6.7964295306756295,0.37,3.9191835884530852,4.4424709557233655e-05,False
200,0.25,1.0,7.2471346776572405,0.485,7.675067860720625,8.215650382226158e-15,True
200,0.25,1.0,7.8225411060032615,0.43,5.878775382679628,2.066563808966748e-09,True
200,0.25,1.0,9.75696571740474,0.525,8.981462390204987,0.0,True
200,0.25,1.0,6.252341122108979,0.46,6.858571279792899,3.4776626023358403e-12,True
200,0.25,1.0,1.7106529087669746,0.69,14.370339824327978,0.0,True
200,0.25,1.0,6.995064487705905,0.45,6.531972647421808,3.2454483545052426e-11,True
200,0.25,1.0,9.963383402911587,0.51,8.49156444164835,0.0,True
200,0.25,1.0,7.331789508381378,0.43,5.878775382679628,2.066563808966748e-09,True
200,0.25,1.0,10.013944705344265,0.46,6.858571279792899,3.4776626023358403e-12,True
200,0.25,1.0,8.018585419879818,0.42,5.552176750308537,1.4106705359395733e-08,True
200,0.25,1.0,6.544347091068756,0.42,5.552176750308537,1.4106705359395733e-08,True
200,0.5,1.0,8.589846439558379,0.69,5.374011537017761,3.850196372834347e-08,True
200,0.5,1.0,6.045432134532707,0.66,4.525483399593904,3.012880575914423e-06,False
200,0.5,1.0,5.1091998392213105,0.705,5.79827560572969,3.3500138219011433e-09,True
200,0.5,1.0,5.082481231071328,0.69,5.374011537017761,3.850196372834347e-08,True
200,0.5,1.0,9.718120014240743,0.71,5.939696961966999,1.4277470317125562e-09,True
200,0.5,1.0,8.571181739444798,0.695,5.5154328932550705,1.739612431883586e-08,True
200,0.5,1.0,5.541906645297493,0.665,4.666904755831213,1.528854898236176e-06,False
200,0.5,1.0,6.908456007174914,0.715,6.081118318204308,5.967358829295222e-10,True
200,0.5,1.0,2.8510739798830307,0.74,6.788225099390856,5.676126235698575e-12,True
200,0.5,1.0,5.2570480355090865,0.765,7.495331880577403,3.3084646133829665e-14,True
200,0.5,1.0,10.194849768719886,0.615,3.2526911934581184,0.0005715882986783161,False
200,0.5,1.0,11.16328509156131,0.715,6.081118318204308,5.967358829295222e-10,True
200,0.5,1.0,12.826775866547528,0.735,6.646803743153546,1.4976242468378587e-11,True
200,0.5,1.0,4.082770420862748,0.675,4.949747468305833,3.7154918619553e-07,False
200,0.5,1.0,6.853328216364533,0.7,5.65685424949238,7.708628957381336e-09,True
200,0.5,1.0,7.848390510497031,0.705,5.79827560572969,3.3500138219011433e-09,True
200,0.5,1.0,4.995415556726744,0.655,4.384062043356595,5.82432868356797e-06,False
200,0.25,2.0,8.882222603275764,0.64,12.737346662472527,0.0,True
200,0.25,2.0,7.134791647530413,0.535,9.308061022576076,0.0,True
200,0.25,2.0,4.493770254520669,0.67,13.717142559585797,0.0,True
200,0.25,2.0,1.7385857510330778,0.595,11.26765281680262,0.0,True
200,0.25,2.0,12.903581906979808,0.665,13.553843243400252,0.0,True
200,0.25,2.0,8.786088368224153,0.625,12.24744871391589,0.0,True
200,0.25,2.0,7.773324281970605,0.64,12.737346662472527,0.0,True
200,0.25,2.0,13.32254638754478,0.63,12.410748030101436,0.0,True
200,0.25,2.0,2.9530712315401035,0.6,11.430952132988164,0.0,True
200,0.25,2.0,8.374800334311741,0.75,16.32993161855452,0.0,True
200,0.25,2.0,6.996991867182531,0.645,12.900645978658071,0.0,True
200,0.25,2.0,2.9243314558529376,0.49,7.8383671769061705,2.220446049250313e-15,True
200,0.25,2.0,6.229597242164554,0.6,11.430952132988164,0.0,True
200,0.25,2.0,13.036990121157206,0.55,9.797958971132713,0.0,True
200,0.25,2.0,6.206248079077533,0.69,14.370339824327978,0.0,True
200,0.25,2.0,13.67230507772601,0.7,14.696938456699069,0.0,True
200,0.25,2.0,33.75262136876228,0.705,14.860237772884615,0.0,True
200,0.25,2.0,2.9255359474483895,0.695,14.533639140513523,0.0,True
200,0.25,2.0,5.859730457449783,0.62,12.084149397730345,0.0,True
200,0.5,2.0,8.590585300231165,0.805,8.626702730475879,0.0,True
200,0.5,2.0,7.923719113941232,0.835,9.475230867899736,0.0,True
200,0.5,2.0,5.799611656166818,0.895,11.17228714274745,0.0,True
200,0.5,2.0,10.006444715927543,0.855,10.040916292848975,0.0,True
200,0.5,2.0,8.594321819572144,0.81,8.76812408671319,0.0,True
200,0.5,2.0,8.325293763915672,0.795,8.34386001800126,0.0,True
200,0.5,2.0,8.421370912128193,0.775,7.7781745930520225,3.6637359812630166e-15,True
200,0.5,2.0,7.006871690705654,0.79,8.202438661763951,1.1102230246251565e-16,True
200,0.5,2.0,7.678652459915766,0.815,8.909545442950499,0.0,True
200,0.5,2.0,2.6765504787204555,0.915,11.737972567696689,0.0,True
200,0.5,2.0,11.847934281166875,0.845,9.758073580374356,0.0,True
200,0.5,2.0,12.061788684039307,0.87,10.465180361560902,0.0,True
200,0.5,2.0,4.064062076741016,0.82,9.050966799187808,0.0,True
200,0.5,2.0,2.1504234353253717,0.72,6.222539674441618,2.4458546299399586e-10,True
200,0.5,2.0,2.07202069149231,0.925,12.020815280171307,0.0,True
200,0.5,2.0,10.693960302114618,0.82,9.050966799187808,0.0,True
200,0.5,2.0,5.228359455954318,0.825,9.192388155425117,0.0,True
200,0.25,5.0,2.291557981246892,0.925,22.045407685048602,0.0,True
200,0.25,5.0,4.607239557188523,0.88,20.575713839378697,0.0,True
200,0.25,5.0,3.943972355448778,0.965,23.351802214532967,0.0,True
200,0.25,5.0,3.700209310008949,0.95,22.861904265976328,0.0,True
200,0.25,5.0,4.841794916771011,0.87,20.249115207007605,0.0,True
200,0.25,5.0,4.1346286603769,0.945,22.698604949790784,0.0,True
200,0.25,5.0,7.978506192055327,0.98,23.8417001630896,0.0,True
200,0.25,5.0,25.771016137276064,0.905,21.392210420306423,0.0,True
200,0.25,5.0,4.541844593364445,0.99,24.16829879546069,0.0,True
200,0.25,5.0,18.07459548298425,0.935,22.372006317419693,0.0,True
200,0.25,5.0,8.777966294189335,0.91,21.555509736491967,0.0,True
200,0.25,5.0,4.085850046414758,0.82,18.616122045152153,0.0,True
200,0.25,5.0,5.119215131171205,0.875,20.412414523193153,0.0,True
200,0.25,5.0,31.419503543623954,0.935,22.372006317419693,0.0,True
200,0.25,5.0,28.152058473483724,0.95,22.861904265976328,0.0,True
200,0.25,5.0,41.66790244015553,0.94,22.53530563360524,0.0,True
200,0.25,5.0,15.114539294773742,0.9,21.228911104120876,0.0,True
200,0.25,5.0,5.104732539003638,0.865,20.08581589082206,0.0,True
200,0.5,5.0,1.6308447803723078,0.995,14.00071426749364,0.0,True
200,0.5,5.0,10.265063506547522,0.95,12.727922061357855,0.0,True
200,0.5,5.0,14.038721980278373,0.98,13.576450198781712,0.0,True
200,0.5,5.0,13.476726729232489,0.98,13.576450198781712,0.0,True
200,0.5,5.0,18.977362336037626,0.98,13.576450198781712,0.0,True
200,0.5,5.0,3.5287976172073066,0.985,13.717871555019022,0.0,True
200,0.5,5.0,8.312152995724684,0.945,12.586500705120546,0.0,True
200,0.5,5.0,2.8846652963159403,1.0,14.14213562373095,0.0,True
200,0.5,5.0,11.196478326351901,0.98,13.576450198781712,0.0,True
200,0.5,5.0,11.131620429138357,0.96,13.010764773832474,0.0,True
200,0.5,5.0,11.909727680651928,0.915,11.737972567696689,0.0,True
200,0.5,5.0,10.378600622017704,0.93,12.162236636408617,0.0,True
200,0.5,5.0,2.788750415539774,0.98,13.576450198781712,0.0,True
200,0.5,5.0,13.618787014736986,0.965,13.152186130069783,0.0,True
200,0.5,5.0,29.46826553000128,0.985,13.717871555019022,0.0,True
200,0.5,5.0,10.91025378848802,0.98,13.576450198781712,0.0,True
200,0.5,5.0,13.055248555823265,0.98,13.576450198781712,0.0,True
200,0.5,5.0,8.625910938320565,0.975,13.435028842544403,0.0,True
200,0.25,0.0,10.005984985866846,0.27,0.6531972647421809,0.25681455669656206,False
200,0.25,0.0,4.971049749902402,0.34,2.939387691339814,0.001644307151923985,False
200,0.25,0.0,5.937550531978783,0.285,1.1430952132988164,0.12649953073734221,False
200,0.25,0.0,7.22325210222115,0.285,1.1430952132988164,0.12649953073734221,False
200,0.25,0.0,9.134602574438315,0.275,0.816496580927726,0.20710808912126255,False
200,0.25,0.0,6.947712767262627,0.275,0.816496580927726,0.20710808912126255,False
200,0.25,0.0,6.445497050868581,0.29,1.3063945294843617,0.09570921261880372,False
200,0.25,0.0,5.917842074009765,0.245,-0.16329931618554522,0.564858613859482,False
200,0.25,0.0,8.071652718951455,0.285,1.1430952132988164,0.12649953073734221,False
200,0.25,0.0,7.165922130458727,0.24,-0.32659863237109044,0.6280142609624715,False
200,0.25,0.0,4.904420858521035,0.295,1.469693845669907,0.07082234514756847,False
200,0.25,0.0,7.57358004785267,0.255,0.16329931618554522,0.4351413861405179,False
200,0.25,0.0,2.269558890894923,0.295,1.469693845669907,0.07082234514756847,False
200,0.25,0.0,4.117724968278234,0.345,3.102687007525359,0.0009588617140494637,False
200,0.25,0.0,5.100729135406632,0.285,1.1430952132988164,0.12649953073734221,False
200,0.25,0.0,7.921802866555497,0.36,3.5925849560819945,0.00016370692933009856,False
