generated_tokens,gamma,delta,green_fraction,z_score,p_value,prediction
5,0.1,5.0,0.6,3.7267799624996494,9.697081455184442e-05,False
10,0.1,5.0,0.8,7.378647873726218,7.993605777301127e-14,True
15,0.1,5.0,0.7333333333333333,8.17629817532677,2.220446049250313e-16,True
20,0.1,5.0,0.7,8.94427190999916,0.0,True
25,0.1,5.0,0.76,11.0,0.0,True
30,0.1,5.0,0.7666666666666667,12.171612389003691,0.0,True
35,0.1,5.0,0.7714285714285715,13.24074999074676,0.0,True
40,0.1,5.0,0.8,14.757295747452437,0.0,True
45,0.1,5.0,0.8,15.652475842498529,0.0,True
50,0.1,5.0,0.8,16.49915822768611,0.0,True
55,0.1,5.0,0.8181818181818182,17.75392971153204,0.0,True
60,0.1,5.0,0.8166666666666667,18.50425376521321,0.0,True
65,0.1,5.0,0.8307692307692308,19.63883297662467,0.0,True
70,0.1,5.0,0.8428571428571429,20.71729589512949,0.0,True
75,0.1,5.0,0.84,21.361959960016154,0.0,True
80,0.1,5.0,0.825,21.615323782497967,0.0,True
85,0.1,5.0,0.8117647058823529,21.87382116338116,0.0,True
90,0.1,5.0,0.8111111111111111,22.48730780564181,0.0,True
95,0.1,5.0,0.8105263157894737,23.08451292191597,0.0,True
100,0.1,5.0,0.82,24.0,0.0,True
105,0.1,5.0,0.8285714285714286,24.8854518601876,0.0,True
110,0.1,5.0,0.8363636363636363,25.74348990963099,0.0,True
115,0.1,5.0,0.8347826086956521,26.26555209876884,0.0,True
120,0.1,5.0,0.8416666666666667,27.081837565533213,0.0,True
125,0.1,5.0,0.832,27.280029325497438,0.0,True
130,0.1,5.0,0.823076923076923,27.48115127162025,0.0,True
135,0.1,5.0,0.8296296296296296,28.258434044550413,0.0,True
140,0.1,5.0,0.8357142857142857,29.016962745679063,0.0,True
145,0.1,5.0,0.8275862068965517,29.204327081898555,0.0,True
150,0.1,5.0,0.82,29.39387691339813,0.0,True
155,0.1,5.0,0.8193548387096774,29.852985057542877,0.0,True
160,0.1,5.0,0.825,30.568684048294333,0.0,True
165,0.1,5.0,0.8242424242424242,31.010207942434,0.0,True
170,0.1,5.0,0.8294117647058824,31.701219539024645,0.0,True
175,0.1,5.0,0.8228571428571428,31.875003890444827,0.0,True
180,0.1,5.0,0.8222222222222222,32.298759674996965,0.0,True
185,0.1,5.0,0.827027027027027,32.96212222387238,0.0,True
190,0.1,5.0,0.8315789473684211,33.61373292176387,0.0,True
195,0.1,5.0,0.8358974358974359,34.25416147488621,0.0,True
200,0.1,5.0,0.83,34.41253001774532,0.0,True
5,0.1,5.0,0.6,3.7267799624996494,9.697081455184442e-05,False
10,0.1,5.0,0.7,6.324555320336759,1.269814253745949e-10,True
15,0.1,5.0,0.7333333333333333,8.17629817532677,2.220446049250313e-16,True
20,0.1,5.0,0.75,9.689627902499089,0.0,True
25,0.1,5.0,0.76,11.0,0.0,True
30,0.1,5.0,0.7333333333333333,11.563031769553506,0.0,True
35,0.1,5.0,0.7428571428571429,12.677313820927749,0.0,True
40,0.1,5.0,0.725,13.176156917368248,0.0,True
45,0.1,5.0,0.7111111111111111,13.664859862498716,0.0,True
50,0.1,5.0,0.72,14.613540144521984,0.0,True
55,0.1,5.0,0.7090909090909091,15.057130261679072,0.0,True
60,0.1,5.0,0.7333333333333333,16.35259635065354,0.0,True
65,0.1,5.0,0.7538461538461538,17.57158740013786,0.0,True
70,0.1,5.0,0.7428571428571429,17.928429140015904,0.0,True
75,0.1,5.0,0.7333333333333333,18.28275852433815,0.0,True
80,0.1,5.0,0.725,18.63389981249825,0.0,True
85,0.1,5.0,0.7058823529411765,18.61986429610132,0.0,True
90,0.1,5.0,0.6888888888888889,18.62230177654712,0.0,True
95,0.1,5.0,0.6842105263157895,18.980599513575356,0.0,True
100,0.1,5.0,0.67,19.0,0.0,True
105,0.1,5.0,0.6761904761904762,19.68065147112875,0.0,True
110,0.1,5.0,0.6909090909090909,20.658356100321164,0.0,True
115,0.1,5.0,0.7043478260869566,21.60302805756727,0.0,True
120,0.1,5.0,0.7166666666666667,22.51748291965683,0.0,True
125,0.1,5.0,0.704,22.509750973497884,0.0,True
130,0.1,5.0,0.7153846153846154,23.388213848187444,0.0,True
135,0.1,5.0,0.7185185185185186,23.955119215431058,0.0,True
140,0.1,5.0,0.7285714285714285,24.791191472036484,0.0,True
145,0.1,5.0,0.7379310344827587,25.605689621569823,0.0,True
150,0.1,5.0,0.7333333333333333,25.85572506271132,0.0,True
5,0.1,5.0,1.0,6.708203932499369,9.851675031313787e-12,True
10,0.1,5.0,0.9,8.432740427115679,0.0,True
15,0.1,5.0,0.8666666666666667,9.89762410697451,0.0,True
20,0.1,5.0,0.9,11.925695879998878,0.0,True
25,0.1,5.0,0.88,13.0,0.0,True
30,0.1,5.0,0.9,14.605934866804429,0.0,True
35,0.1,5.0,0.8857142857142857,15.494494670022805,0.0,True
40,0.1,5.0,0.9,16.865480854231357,0.0,True
45,0.1,5.0,0.8888888888888888,17.64009182249834,0.0,True
50,0.1,5.0,0.9,18.856180831641268,0.0,True
55,0.1,5.0,0.8909090909090909,19.551796011434018,0.0,True
60,0.1,5.0,0.9,20.65591117977289,0.0,True
65,0.1,5.0,0.8923076923076924,21.29262943781412,0.0,True
70,0.1,5.0,0.8857142857142857,21.91252450446388,0.0,True
75,0.1,5.0,0.8933333333333333,22.901560677855155,0.0,True
80,0.1,5.0,0.8875,23.47871376374779,0.0,True
85,0.1,5.0,0.8941176470588236,24.404676504598815,0.0,True
90,0.1,5.0,0.8888888888888888,24.94685709688388,0.0,True
95,0.1,5.0,0.8947368421052632,25.820455194143044,0.0,True
100,0.1,5.0,0.89,26.33333333333333,0.0,True
105,0.1,5.0,0.8952380952380953,27.16255203040084,0.0,True
110,0.1,5.0,0.8909090909090909,27.650415088122173,0.0,True
115,0.1,5.0,0.8869565217391304,28.130561715249463,0.0,True
120,0.1,5.0,0.8916666666666667,28.907579423883764,0.0,True
125,0.1,5.0,0.888,29.367026104497235,0.0,True
130,0.1,5.0,0.8923076923076924,30.11232532954133,0.0,True
135,0.1,5.0,0.8888888888888888,30.5535352867474,0.0,True
140,0.1,5.0,0.8928571428571429,31.270707424955116,0.0,True
145,0.1,5.0,0.8896551724137931,31.69569147751076,0.0,True
150,0.1,5.0,0.8933333333333333,32.38769771013313,0.0,True
155,0.1,5.0,0.8903225806451613,32.79812259685203,0.0,True
160,0.1,5.0,0.8875,33.20391543176798,0.0,True
165,0.1,5.0,0.8909090909090909,33.86470407102625,0.0,True
170,0.1,5.0,0.888235294117647,34.25776950184921,0.0,True
175,0.1,5.0,0.8914285714285715,34.898719674518645,0.0,True
180,0.1,5.0,0.8888888888888888,35.28018364499668,0.0,True
185,0.1,5.0,0.8918918918918919,35.90298071224761,0.0,True
190,0.1,5.0,0.8894736842105263,36.27381250550058,0.0,True
195,0.1,5.0,0.8923076923076924,36.8799160130308,0.0,True
200,0.1,5.0,0.89,37.2409571424915,0.0,True
5,0.1,5.0,1.0,6.708203932499369,9.851675031313787e-12,True
10,0.1,5.0,0.8,7.378647873726218,7.993605777301127e-14,True
15,0.1,5.0,0.7333333333333333,8.17629817532677,2.220446049250313e-16,True
20,0.1,5.0,0.8,10.434983894999018,0.0,True
25,0.1,5.0,0.8,11.666666666666666,0.0,True
30,0.1,5.0,0.7333333333333333,11.563031769553506,0.0,True
35,0.1,5.0,0.7142857142857143,12.113877651108735,0.0,True
40,0.1,5.0,0.7,12.649110640673518,0.0,True
45,0.1,5.0,0.6888888888888889,13.167955867498762,0.0,True
50,0.1,5.0,0.72,14.613540144521984,0.0,True
55,0.1,5.0,0.7272727272727273,15.506596836654566,0.0,True
60,0.1,5.0,0.7,15.491933384829666,0.0,True
65,0.1,5.0,0.676923076923077,15.504341823651057,0.0,True
70,0.1,5.0,0.7,16.73320053068151,0.0,True
75,0.1,5.0,0.72,17.897858344878397,0.0,True
80,0.1,5.0,0.7375,19.00657780874821,0.0,True
85,0.1,5.0,0.7411764705882353,19.7045165851946,0.0,True
90,0.1,5.0,0.7444444444444445,20.379122698862886,0.0,True
95,0.1,5.0,0.7578947368421053,21.37454900177405,0.0,True
100,0.1,5.0,0.76,22.0,0.0,True
105,0.1,5.0,0.7714285714285715,22.93365171429053,0.0,True
110,0.1,5.0,0.7818181818181819,23.83656473113981,0.0,True
115,0.1,5.0,0.782608695652174,24.40054248228821,0.0,True
120,0.1,5.0,0.7916666666666666,25.25609570718266,0.0,True
125,0.1,5.0,0.8,26.087459737497547,0.0,True
130,0.1,5.0,0.8,26.60409325231322,0.0,True
135,0.1,5.0,0.8074074074074075,27.397771078726542,0.0,True
140,0.1,5.0,0.8142857142857143,28.17180849095055,0.0,True
145,0.1,5.0,0.8137931034482758,28.65069054954029,0.0,True
150,0.1,5.0,0.82,29.39387691339813,0.0,True
155,0.1,5.0,0.8258064516129032,30.120724833843703,0.0,True
160,0.1,5.0,0.825,30.568684048294333,0.0,True
165,0.1,5.0,0.8303030303030303,31.26970759048784,0.0,True
170,0.1,5.0,0.8352941176470589,31.9568745353071,0.0,True
175,0.1,5.0,0.8342857142857143,32.3789565211238,0.0,True
180,0.1,5.0,0.8388888888888889,33.0441156674969,0.0,True
185,0.1,5.0,0.8432432432432433,33.69733684596619,0.0,True
190,0.1,5.0,0.8421052631578947,34.09738375517055,0.0,True
195,0.1,5.0,0.8461538461538461,34.7315713909125,0.0,True
200,0.1,5.0,0.85,35.35533905932738,0.0,True
5,0.1,5.0,1.0,6.708203932499369,9.851675031313787e-12,True
10,0.1,5.0,1.0,9.486832980505138,0.0,True
15,0.1,5.0,1.0,11.61895003862225,0.0,True
20,0.1,5.0,1.0,13.41640786499874,0.0,True
25,0.1,5.0,1.0,15.0,0.0,True
30,0.1,5.0,0.9333333333333332,15.214515486254614,0.0,True
35,0.1,5.0,0.9428571428571428,16.621367009660826,0.0,True
40,0.1,5.0,0.95,17.919573407620817,0.0,True
45,0.1,5.0,0.9555555555555556,19.1308038074982,0.0,True
50,0.1,5.0,0.96,20.270394394014364,0.0,True
55,0.1,5.0,0.9636363636363636,21.349662311336,0.0,True
60,0.1,5.0,0.9666666666666668,22.37723711142063,0.0,True
65,0.1,5.0,0.9692307692307692,23.35987501430092,0.0,True
70,0.1,5.0,0.9714285714285714,24.30298172313267,0.0,True
75,0.1,5.0,0.9733333333333334,25.210961754613656,0.0,True
80,0.1,5.0,0.975,26.087459737497547,0.0,True
85,0.1,5.0,0.976470588235294,26.93553184581647,0.0,True
90,0.1,5.0,0.9777777777777776,27.757770572589106,0.0,True
95,0.1,5.0,0.9789473684210528,28.55639746637012,0.0,True
100,0.1,5.0,0.98,29.33333333333333,0.0,True
105,0.1,5.0,0.9809523809523808,30.09025224924644,0.0,True
110,0.1,5.0,0.9818181818181818,30.82862371894081,0.0,True
115,0.1,5.0,0.982608695652174,31.549746012130612,0.0,True
120,0.1,5.0,0.9833333333333332,32.25477283085978,0.0,True
125,0.1,5.0,0.984,32.9447348684969,0.0,True
130,0.1,5.0,0.9846153846153848,33.62055740676945,0.0,True
135,0.1,5.0,0.9851851851851852,34.283074805317504,0.0,True
140,0.1,5.0,0.9857142857142858,34.933042528778685,0.0,True
145,0.1,5.0,0.986206896551724,35.57114720401862,0.0,True
150,0.1,5.0,0.9866666666666668,36.19801508779585,0.0,True
155,0.1,5.0,0.9870967741935484,36.814219241364526,0.0,True
160,0.1,5.0,0.9875,37.42028564532583,0.0,True
165,0.1,5.0,0.987878787878788,38.016698439887705,0.0,True
170,0.1,5.0,0.9882352941176472,38.60390443865098,0.0,True
175,0.1,5.0,0.9885714285714284,39.18231703528989,0.0,True
180,0.1,5.0,0.9888888888888888,39.75231959999626,0.0,True
185,0.1,5.0,0.9891891891891892,40.31426844481046,0.0,True
190,0.1,5.0,0.9894736842105264,40.86849542286399,0.0,True
195,0.1,5.0,0.9897435897435898,41.415310215280535,0.0,True
200,0.1,5.0,0.99,41.95500235040183,0.0,True
5,0.1,5.0,1.0,6.708203932499369,9.851675031313787e-12,True
10,0.1,5.0,1.0,9.486832980505138,0.0,True
15,0.1,5.0,0.9333333333333332,10.75828707279838,0.0,True
20,0.1,5.0,0.95,12.671051872498808,0.0,True
25,0.1,5.0,0.96,14.333333333333334,0.0,True
30,0.1,5.0,0.9666666666666668,15.823096105704796,0.0,True
35,0.1,5.0,0.9714285714285714,17.184803179479836,0.0,True
40,0.1,5.0,0.975,18.446619684315547,0.0,True
45,0.1,5.0,0.9555555555555556,19.1308038074982,0.0,True
50,0.1,5.0,0.96,20.270394394014364,0.0,True
55,0.1,5.0,0.9090909090909092,20.001262586409517,0.0,True
60,0.1,5.0,0.9166666666666666,21.086242662684825,0.0,True
65,0.1,5.0,0.9076923076923076,21.70607855311148,0.0,True
70,0.1,5.0,0.9,22.31093404090868,0.0,True
75,0.1,5.0,0.88,22.516660498395403,0.0,True
80,0.1,5.0,0.8875,23.47871376374779,0.0,True
85,0.1,5.0,0.8941176470588236,24.404676504598815,0.0,True
90,0.1,5.0,0.9,25.298221281347036,0.0,True
95,0.1,5.0,0.9052631578947368,26.16244797817143,0.0,True
100,0.1,5.0,0.9,26.666666666666668,0.0,True
105,0.1,5.0,0.9047619047619048,27.487852054717017,0.0,True
110,0.1,5.0,0.8909090909090909,27.650415088122173,0.0,True
115,0.1,5.0,0.8956521739130435,28.44139665132957,0.0,True
120,0.1,5.0,0.9,29.211869733608857,0.0,True
125,0.1,5.0,0.904,29.96331089849718,0.0,True
130,0.1,5.0,0.9076923076923076,30.697030675746024,0.0,True
135,0.1,5.0,0.9111111111111112,31.414198252571268,0.0,True
140,0.1,5.0,0.9,31.55242550986462,0.0,True
145,0.1,5.0,0.896551724137931,31.972509743689887,0.0,True
150,0.1,5.0,0.9,32.65986323710904,0.0,True
155,0.1,5.0,0.896774193548387,33.06586237315287,0.0,True
160,0.1,5.0,0.9,33.730961708462715,0.0,True
5,0.1,5.0,1.0,6.708203932499369,9.851675031313787e-12,True
10,0.1,5.0,0.9,8.432740427115679,0.0,True
15,0.1,5.0,0.9333333333333332,10.75828707279838,0.0,True
20,0.1,5.0,0.9,11.925695879998878,0.0,True
25,0.1,5.0,0.84,12.333333333333334,0.0,True
30,0.1,5.0,0.8333333333333334,13.38877362790406,0.0,True
35,0.1,5.0,0.8571428571428571,14.931058500203791,0.0,True
40,0.1,5.0,0.875,16.338434577536628,0.0,True
45,0.1,5.0,0.8888888888888888,17.64009182249834,0.0,True
50,0.1,5.0,0.9,18.856180831641268,0.0,True
55,0.1,5.0,0.9090909090909092,20.001262586409517,0.0,True
60,0.1,5.0,0.9166666666666666,21.086242662684825,0.0,True
65,0.1,5.0,0.9076923076923076,21.70607855311148,0.0,True
70,0.1,5.0,0.9,22.31093404090868,0.0,True
75,0.1,5.0,0.9066666666666666,23.286460857314903,0.0,True
80,0.1,5.0,0.9125,24.22406975624772,0.0,True
5,0.1,5.0,0.8,5.217491947499509,9.068105288889684e-08,True
10,0.1,5.0,0.8,7.378647873726218,7.993605777301127e-14,True
15,0.1,5.0,0.7333333333333333,8.17629817532677,2.220446049250313e-16,True
20,0.1,5.0,0.8,10.434983894999018,0.0,True
25,0.1,5.0,0.8,11.666666666666666,0.0,True
30,0.1,5.0,0.8,12.780193008453876,0.0,True
35,0.1,5.0,0.7714285714285715,13.24074999074676,0.0,True
40,0.1,5.0,0.8,14.757295747452437,0.0,True
45,0.1,5.0,0.8,15.652475842498529,0.0,True
50,0.1,5.0,0.78,16.02775370689508,0.0,True
55,0.1,5.0,0.8,17.304463136556546,0.0,True
60,0.1,5.0,0.8166666666666667,18.50425376521321,0.0,True
65,0.1,5.0,0.8307692307692308,19.63883297662467,0.0,True
70,0.1,5.0,0.8142857142857143,19.92047682223989,0.0,True
75,0.1,5.0,0.8133333333333334,20.59215960109665,0.0,True
80,0.1,5.0,0.7875,20.49728979374807,0.0,True
85,0.1,5.0,0.7764705882352941,20.78916887428788,0.0,True
90,0.1,5.0,0.7444444444444445,20.379122698862886,0.0,True
95,0.1,5.0,0.7578947368421053,21.37454900177405,0.0,True
100,0.1,5.0,0.77,22.33333333333333,0.0,True
105,0.1,5.0,0.780952380952381,23.258951738606708,0.0,True
110,0.1,5.0,0.7909090909090909,24.15438559422167,0.0,True
115,0.1,5.0,0.7913043478260869,24.711377418368315,0.0,True
120,0.1,5.0,0.7833333333333333,24.95180539745757,0.0,True
125,0.1,5.0,0.784,25.4911749434976,0.0,True
130,0.1,5.0,0.7923076923076923,26.31174057921088,0.0,True
135,0.1,5.0,0.7925925925925926,26.82399576817729,0.0,True
140,0.1,5.0,0.7928571428571428,27.326654236222037,0.0,True
145,0.1,5.0,0.8,28.09705401718202,0.0,True
150,0.1,5.0,0.8066666666666666,28.84954585944632,0.0,True
155,0.1,5.0,0.8129032258064516,29.58524528124204,0.0,True
160,0.1,5.0,0.8125,30.041637771599603,0.0,True
165,0.1,5.0,0.8181818181818182,30.75070829438016,0.0,True
170,0.1,5.0,0.8235294117647058,31.445564542742183,0.0,True
175,0.1,5.0,0.8228571428571428,31.875003890444827,0.0,True
180,0.1,5.0,0.8277777777777777,32.54721167249694,0.0,True
185,0.1,5.0,0.827027027027027,32.96212222387238,0.0,True
190,0.1,5.0,0.8315789473684211,33.61373292176387,0.0,True
195,0.1,5.0,0.8307692307692308,34.015456516873066,0.0,True
200,0.1,5.0,0.835,34.64823227814083,0.0,True
5,0.25,5.0,1.0,3.872983346207417,5.3755588364734486e-05,False
10,0.25,5.0,0.9,4.74692883171144,1.0326428980800273e-06,True
15,0.25,5.0,0.9333333333333332,6.111919138499425,4.922002805329838e-10,True
20,0.25,5.0,0.95,7.229568912920511,2.422506639732092e-13,True
25,0.25,5.0,0.96,8.198373822492686,1.1102230246251563e-16,True
30,0.25,5.0,0.9333333333333332,8.64355893779357,0.0,True
35,0.25,5.0,0.9428571428571428,9.466230707600772,0.0,True
40,0.25,5.0,0.95,10.2241544067631,0.0,True
45,0.25,5.0,0.9555555555555556,10.930419665963155,0.0,True
50,0.25,5.0,0.96,11.59425144917371,0.0,True
55,0.25,5.0,0.9636363636363636,12.22243342333591,0.0,True
60,0.25,5.0,0.9666666666666668,12.820123070998791,0.0,True
65,0.25,5.0,0.9692307692307692,13.391348144537396,0.0,True
70,0.25,5.0,0.9714285714285714,13.939324298715556,0.0,True
75,0.25,5.0,0.9733333333333334,14.466666666666669,0.0,True
80,0.25,5.0,0.975,14.975535605335343,0.0,True
85,0.25,5.0,0.976470588235294,15.467739989803192,0.0,True
90,0.25,5.0,0.9777777777777776,15.944812229594836,0.0,True
95,0.25,5.0,0.9789473684210528,16.408063913926856,0.0,True
100,0.25,5.0,0.98,16.85862786033707,0.0,True
105,0.25,5.0,0.9809523809523808,17.297490413443636,0.0,True
110,0.25,5.0,0.9818181818181818,17.725516618534407,0.0,True
115,0.25,5.0,0.982608695652174,18.14347009936018,0.0,True
120,0.25,5.0,0.9833333333333332,18.55202893965449,0.0,True
125,0.25,5.0,0.984,18.951798507441627,0.0,True
130,0.25,5.0,0.9846153846153848,19.343321911298037,0.0,True
135,0.25,5.0,0.9851851851851852,19.727088601498146,0.0,True
140,0.25,5.0,0.9857142857142858,20.103541502739784,0.0,True
145,0.25,5.0,0.986206896551724,20.473082973425903,0.0,True
150,0.25,5.0,0.9866666666666668,20.8360798189636,0.0,True
155,0.25,5.0,0.9870967741935484,21.19286753623969,0.0,True
160,0.25,5.0,0.9875,21.54375392853653,0.0,True
165,0.25,5.0,0.987878787878788,21.88902220130659,0.0,True
170,0.25,5.0,0.9882352941176472,22.228933627056392,0.0,True
175,0.25,5.0,0.9885714285714284,22.56372985040161,0.0,True
180,0.25,5.0,0.9888888888888888,22.893634890914957,0.0,True
185,0.25,5.0,0.9891891891891892,23.218856890797085,0.0,True
190,0.25,5.0,0.9894736842105264,23.539589645993285,0.0,True
195,0.25,5.0,0.9897435897435898,23.85601395265776,0.0,True
200,0.25,5.0,0.99,24.16829879546069,0.0,True
5,0.25,5.0,1.0,3.872983346207417,5.3755588364734486e-05,False
10,0.25,5.0,1.0,5.477225575051661,2.1602315269930727e-08,True
15,0.25,5.0,1.0,6.7082039324993685,9.851675031313787e-12,True
20,0.25,5.0,1.0,7.745966692414833,4.6629367034256575e-15,True
25,0.25,5.0,1.0,8.660254037844386,0.0,True
30,0.25,5.0,1.0,9.486832980505138,0.0,True
35,0.25,5.0,1.0,10.246950765959598,0.0,True
40,0.25,5.0,1.0,10.954451150103322,0.0,True
45,0.25,5.0,0.9777777777777776,11.274684852292705,0.0,True
50,0.25,5.0,0.98,11.9208500815448,0.0,True
55,0.25,5.0,0.9818181818181818,12.53383300100052,0.0,True
60,0.25,5.0,0.9833333333333332,13.118265467998766,0.0,True
65,0.25,5.0,0.9846153846153848,13.67779409415317,0.0,True
70,0.25,5.0,0.9857142857142858,14.215350522452498,0.0,True
75,0.25,5.0,0.9866666666666668,14.733333333333333,0.0,True
80,0.25,5.0,0.9875,15.233734495082508,0.0,True
85,0.25,5.0,0.9882352941176472,15.718229706237253,0.0,True
90,0.25,5.0,0.9888888888888888,16.18824447737491,0.0,True
95,0.25,5.0,0.9789473684210528,16.408063913926856,0.0,True
100,0.25,5.0,0.97,16.62768775266122,0.0,True
105,0.25,5.0,0.9714285714285714,17.072115945516035,0.0,True
110,0.25,5.0,0.9727272727272728,17.505323865509133,0.0,True
115,0.25,5.0,0.9565217391304348,17.49741181689038,0.0,True
120,0.25,5.0,0.9583333333333334,17.919573407620817,0.0,True
125,0.25,5.0,0.96,18.33212117204844,0.0,True
130,0.25,5.0,0.953846153846154,18.5331304176311,0.0,True
135,0.25,5.0,0.9555555555555556,18.932042209498217,0.0,True
140,0.25,5.0,0.95,19.12764142979125,0.0,True
145,0.25,5.0,0.9517241379310344,19.514156370455137,0.0,True
150,0.25,5.0,0.9533333333333334,19.893270777381534,0.0,True
155,0.25,5.0,0.9548387096774194,20.265389744719357,0.0,True
160,0.25,5.0,0.95625,20.63088299936126,0.0,True
165,0.25,5.0,0.9575757575757576,20.990089051355604,0.0,True
170,0.25,5.0,0.9588235294117649,21.3433187415163,0.0,True
175,0.25,5.0,0.96,21.690858289457644,0.0,True
180,0.25,5.0,0.9611111111111112,22.032971925091083,0.0,True
185,0.25,5.0,0.9621621621621622,22.369904170841068,0.0,True
190,0.25,5.0,0.9578947368421052,22.534340266093217,0.0,True
195,0.25,5.0,0.953846153846154,22.69835642982515,0.0,True
200,0.25,5.0,0.955,23.025203582161875,0.0,True
5,0.25,5.0,1.0,3.872983346207417,5.3755588364734486e-05,False
10,0.25,5.0,0.9,4.74692883171144,1.0326428980800273e-06,True
15,0.25,5.0,0.9333333333333332,6.111919138499425,4.922002805329838e-10,True
20,0.25,5.0,0.95,7.229568912920511,2.422506639732092e-13,True
25,0.25,5.0,0.96,8.198373822492686,1.1102230246251563e-16,True
30,0.25,5.0,0.9333333333333332,8.64355893779357,0.0,True
35,0.25,5.0,0.9428571428571428,9.466230707600772,0.0,True
40,0.25,5.0,0.925,9.85900603509299,0.0,True
45,0.25,5.0,0.9333333333333332,10.586154479633606,0.0,True
50,0.25,5.0,0.94,11.26765281680262,0.0,True
55,0.25,5.0,0.9272727272727272,11.599634268006692,0.0,True
60,0.25,5.0,0.9333333333333332,12.22383827699885,0.0,True
65,0.25,5.0,0.9230769230769232,12.532010295690077,0.0,True
70,0.25,5.0,0.9285714285714286,13.111245627504733,0.0,True
75,0.25,5.0,0.9333333333333332,13.666666666666666,0.0,True
80,0.25,5.0,0.925,13.9427400463467,0.0,True
85,0.25,5.0,0.9294117647058824,14.465781124066954,0.0,True
90,0.25,5.0,0.9222222222222224,14.727650990694467,0.0,True
95,0.25,5.0,0.9263157894736842,15.223366158408671,0.0,True
100,0.25,5.0,0.92,15.47298721428197,0.0,True
105,0.25,5.0,0.923809523809524,15.945243605878012,0.0,True
110,0.25,5.0,0.9181818181818182,16.1841673473575,0.0,True
115,0.25,5.0,0.9217391304347826,16.636000773597313,0.0,True
120,0.25,5.0,0.9166666666666666,16.865480854231357,0.0,True
125,0.25,5.0,0.92,17.299325613059796,0.0,True
130,0.25,5.0,0.9230769230769232,17.72293892396417,0.0,True
135,0.25,5.0,0.9185185185185184,17.938234219498312,0.0,True
140,0.25,5.0,0.9214285714285714,18.346921371432423,0.0,True
145,0.25,5.0,0.9172413793103448,18.555229767484366,0.0,True
150,0.25,5.0,0.92,18.950461735799472,0.0,True
155,0.25,5.0,0.9161290322580644,19.15241639489495,0.0,True
160,0.25,5.0,0.91875,19.535437884350923,0.0,True
165,0.25,5.0,0.9151515151515152,19.731582641424215,0.0,True
170,0.25,5.0,0.9176470588235294,20.10345790176017,0.0,True
175,0.25,5.0,0.92,20.468838104136086,0.0,True
180,0.25,5.0,0.9166666666666666,20.65591117977289,0.0,True
185,0.25,5.0,0.918918918918919,21.01157981891144,0.0,True
190,0.25,5.0,0.9157894736842104,21.194007759559792,0.0,True
195,0.25,5.0,0.917948717948718,21.54069890699253,0.0,True
200,0.25,5.0,0.915,21.718809052677518,0.0,True
5,0.25,5.0,0.8,2.840187787218772,0.002254349182452,False
10,0.25,5.0,0.8,4.016632088371218,2.951789024796536e-05,True
15,0.25,5.0,0.8666666666666667,5.515634344499481,1.7376207472885596e-08,True
20,0.25,5.0,0.9,6.713171133426189,9.521938793000118e-12,True
25,0.25,5.0,0.92,7.736493607140985,5.10702591327572e-15,True
30,0.25,5.0,0.9333333333333332,8.64355893779357,0.0,True
35,0.25,5.0,0.9142857142857144,9.075870678421358,0.0,True
40,0.25,5.0,0.875,9.128709291752768,0.0,True
45,0.25,5.0,0.8444444444444444,9.209093734315411,0.0,True
50,0.25,5.0,0.86,9.961258287318255,0.0,True
55,0.25,5.0,0.8363636363636363,10.042636379683646,0.0,True
60,0.25,5.0,0.85,10.73312629199899,0.0,True
65,0.25,5.0,0.8615384615384616,11.386226497226984,0.0,True
70,0.25,5.0,0.8714285714285714,12.007140732556964,0.0,True
75,0.25,5.0,0.88,12.6,0.0,True
80,0.25,5.0,0.8875,13.168143377105215,0.0,True
85,0.25,5.0,0.8823529411764706,13.463822258330714,0.0,True
90,0.25,5.0,0.8666666666666667,13.5104897517941,0.0,True
95,0.25,5.0,0.8631578947368421,13.801728851786851,0.0,True
100,0.25,5.0,0.87,14.318286675902716,0.0,True
105,0.25,5.0,0.8761904761904762,14.81837126623999,0.0,True
110,0.25,5.0,0.8818181818181818,15.303396335256412,0.0,True
115,0.25,5.0,0.8869565217391304,15.77458973030425,0.0,True
120,0.25,5.0,0.8916666666666667,16.23302532219768,0.0,True
125,0.25,5.0,0.896,16.679648277666608,0.0,True
130,0.25,5.0,0.8923076923076924,16.912747430297234,0.0,True
135,0.25,5.0,0.8814814814814815,16.944426229498404,0.0,True
140,0.25,5.0,0.8785714285714286,17.175841283894183,0.0,True
145,0.25,5.0,0.8827586206896552,17.5963031645136,0.0,True
150,0.25,5.0,0.88,17.819090885900998,0.0,True
155,0.25,5.0,0.8838709677419355,18.22493860337461,0.0,True
160,0.25,5.0,0.8875,18.62256695517565,0.0,True
165,0.25,5.0,0.8909090909090909,19.012436121463427,0.0,True
170,0.25,5.0,0.8941176470588236,19.39496599332809,0.0,True
175,0.25,5.0,0.8971428571428571,19.77054085538091,0.0,True
180,0.25,5.0,0.9,20.13951340027857,0.0,True
185,0.25,5.0,0.9027027027027028,20.50220818693783,0.0,True
190,0.25,5.0,0.9,20.69138306960976,0.0,True
195,0.25,5.0,0.9025641025641026,21.044559968635703,0.0,True
200,0.25,5.0,0.9,21.22891110412088,0.0,True
5,0.25,5.0,0.8,2.840187787218772,0.002254349182452,False
10,0.25,5.0,0.8,4.016632088371218,2.951789024796536e-05,True
15,0.25,5.0,0.8666666666666667,5.515634344499481,1.7376207472885596e-08,True
20,0.25,5.0,0.9,6.713171133426189,9.521938793000118e-12,True
25,0.25,5.0,0.92,7.736493607140985,5.10702591327572e-15,True
30,0.25,5.0,0.9,8.221921916437786,1.1102230246251563e-16,True
35,0.25,5.0,0.9142857142857144,9.075870678421358,0.0,True
40,0.25,5.0,0.925,9.85900603509299,0.0,True
45,0.25,5.0,0.9111111111111112,10.24188929330406,0.0,True
50,0.25,5.0,0.92,10.941054184431527,0.0,True
55,0.25,5.0,0.9272727272727272,11.599634268006692,0.0,True
60,0.25,5.0,0.9166666666666666,11.925695879998878,0.0,True
65,0.25,5.0,0.9076923076923076,12.245564346074303,0.0,True
70,0.25,5.0,0.9,12.559193180030848,0.0,True
75,0.25,5.0,0.9066666666666666,13.133333333333333,0.0,True
80,0.25,5.0,0.9,13.426342266852378,0.0,True
85,0.25,5.0,0.9058823529411764,13.964801691198836,0.0,True
90,0.25,5.0,0.9111111111111112,14.484218742914392,0.0,True
95,0.25,5.0,0.9052631578947368,14.749487056201398,0.0,True
100,0.25,5.0,0.91,15.24204710660612,0.0,True
105,0.25,5.0,0.9047619047619048,15.494494670022805,0.0,True
110,0.25,5.0,0.9,15.743781841306957,0.0,True
115,0.25,5.0,0.9043478260869564,16.205295251950783,0.0,True
120,0.25,5.0,0.9083333333333332,16.654662343553465,0.0,True
125,0.25,5.0,0.912,17.092766501262066,0.0,True
130,0.25,5.0,0.9076923076923076,17.3178431771307,0.0,True
135,0.25,5.0,0.9111111111111112,17.73947262149833,0.0,True
140,0.25,5.0,0.9142857142857144,18.15174135684272,0.0,True
145,0.25,5.0,0.9103448275862068,18.363444446890213,0.0,True
150,0.25,5.0,0.9133333333333332,18.76189992748306,0.0,True
155,0.25,5.0,0.9161290322580644,19.15241639489495,0.0,True
160,0.25,5.0,0.91875,19.535437884350923,0.0,True
165,0.25,5.0,0.9212121212121211,19.91136927141441,0.0,True
170,0.25,5.0,0.923529411764706,20.280580878868182,0.0,True
175,0.25,5.0,0.9257142857142856,20.64341241632488,0.0,True
180,0.25,5.0,0.9277777777777778,21.00017636610244,0.0,True
185,0.25,5.0,0.9297297297297298,21.351160906893845,0.0,True
190,0.25,5.0,0.9315789473684212,21.696632449509824,0.0,True
195,0.25,5.0,0.9333333333333332,22.03683784534937,0.0,True
200,0.25,5.0,0.935,22.372006317419693,0.0,True
5,0.25,5.0,0.8,2.840187787218772,0.002254349182452,False
10,0.25,5.0,0.8,4.016632088371218,2.951789024796536e-05,True
15,0.25,5.0,0.8666666666666667,5.515634344499481,1.7376207472885596e-08,True
20,0.25,5.0,0.85,6.196773353931867,2.881619387551382e-10,True
25,0.25,5.0,0.88,7.274613391789284,1.7363888105137448e-13,True
30,0.25,5.0,0.9,8.221921916437786,1.1102230246251563e-16,True
35,0.25,5.0,0.9142857142857144,9.075870678421358,0.0,True
40,0.25,5.0,0.925,9.85900603509299,0.0,True
45,0.25,5.0,0.9111111111111112,10.24188929330406,0.0,True
50,0.25,5.0,0.92,10.941054184431527,0.0,True
55,0.25,5.0,0.9090909090909092,11.288234690342083,0.0,True
60,0.25,5.0,0.9166666666666666,11.925695879998878,0.0,True
65,0.25,5.0,0.9230769230769232,12.532010295690077,0.0,True
70,0.25,5.0,0.9285714285714286,13.111245627504733,0.0,True
75,0.25,5.0,0.9333333333333332,13.666666666666666,0.0,True
80,0.25,5.0,0.925,13.9427400463467,0.0,True
85,0.25,5.0,0.9294117647058824,14.465781124066954,0.0,True
90,0.25,5.0,0.9333333333333332,14.971083238474542,0.0,True
95,0.25,5.0,0.936842105263158,15.460305709512308,0.0,True
100,0.25,5.0,0.94,15.93486742963367,0.0,True
105,0.25,5.0,0.9428571428571428,16.39599254173322,0.0,True
110,0.25,5.0,0.9454545454545454,16.844745606433317,0.0,True
115,0.25,5.0,0.9391304347826088,17.066706295243847,0.0,True
120,0.25,5.0,0.925,17.076299364909246,0.0,True
125,0.25,5.0,0.928,17.505884724857523,0.0,True
130,0.25,5.0,0.9307692307692308,17.925486797380902,0.0,True
135,0.25,5.0,0.925925925925926,18.13699581749829,0.0,True
140,0.25,5.0,0.9285714285714286,18.54210138602213,0.0,True
145,0.25,5.0,0.9310344827586208,18.938800408672677,0.0,True
150,0.25,5.0,0.9333333333333332,19.327585352432298,0.0,True
155,0.25,5.0,0.935483870967742,19.708903069807157,0.0,True
160,0.25,5.0,0.93125,19.90058625602104,0.0,True
165,0.25,5.0,0.9333333333333332,20.27094253139481,0.0,True
170,0.25,5.0,0.9352941176470588,20.634826833084222,0.0,True
175,0.25,5.0,0.9257142857142856,20.64341241632488,0.0,True
180,0.25,5.0,0.9277777777777778,21.00017636610244,0.0,True
185,0.25,5.0,0.9297297297297298,21.351160906893845,0.0,True
190,0.25,5.0,0.9315789473684212,21.696632449509824,0.0,True
195,0.25,5.0,0.9333333333333332,22.03683784534937,0.0,True
200,0.25,5.0,0.935,22.372006317419693,0.0,True
5,0.25,5.0,0.8,2.840187787218772,0.002254349182452,False
10,0.25,5.0,0.8,4.016632088371218,2.951789024796536e-05,True
15,0.25,5.0,0.8666666666666667,5.515634344499481,1.7376207472885596e-08,True
20,0.25,5.0,0.9,6.713171133426189,9.521938793000118e-12,True
25,0.25,5.0,0.92,7.736493607140985,5.10702591327572e-15,True
30,0.25,5.0,0.9333333333333332,8.64355893779357,0.0,True
35,0.25,5.0,0.8857142857142857,8.685510649241946,0.0,True
40,0.25,5.0,0.9,9.49385766342288,0.0,True
45,0.25,5.0,0.8888888888888888,9.89762410697451,0.0,True
50,0.25,5.0,0.88,10.287856919689348,0.0,True
55,0.25,5.0,0.8909090909090909,10.976835112677474,0.0,True
60,0.25,5.0,0.9,11.627553482998906,0.0,True
65,0.25,5.0,0.9076923076923076,12.245564346074303,0.0,True
70,0.25,5.0,0.9142857142857144,12.83521940376779,0.0,True
75,0.25,5.0,0.92,13.4,0.0,True
80,0.25,5.0,0.925,13.9427400463467,0.0,True
85,0.25,5.0,0.9294117647058824,14.465781124066954,0.0,True
90,0.25,5.0,0.9333333333333332,14.971083238474542,0.0,True
95,0.25,5.0,0.9263157894736842,15.223366158408671,0.0,True
100,0.25,5.0,0.92,15.47298721428197,0.0,True
105,0.25,5.0,0.923809523809524,15.945243605878012,0.0,True
110,0.25,5.0,0.9272727272727272,16.404360100382775,0.0,True
115,0.25,5.0,0.9130434782608696,16.42064801277405,0.0,True
120,0.25,5.0,0.9166666666666666,16.865480854231357,0.0,True
125,0.25,5.0,0.92,17.299325613059796,0.0,True
130,0.25,5.0,0.9230769230769232,17.72293892396417,0.0,True
135,0.25,5.0,0.925925925925926,18.13699581749829,0.0,True
140,0.25,5.0,0.9285714285714286,18.54210138602213,0.0,True
145,0.25,5.0,0.9310344827586208,18.938800408672677,0.0,True
150,0.25,5.0,0.9333333333333332,19.327585352432298,0.0,True
155,0.25,5.0,0.935483870967742,19.708903069807157,0.0,True
160,0.25,5.0,0.9375,20.08316044185609,0.0,True
165,0.25,5.0,0.9393939393939394,20.45072916138501,0.0,True
170,0.25,5.0,0.9411764705882352,20.81194981019224,0.0,True
175,0.25,5.0,0.9428571428571428,21.16713535289126,0.0,True
180,0.25,5.0,0.9444444444444444,21.51657414559676,0.0,True
185,0.25,5.0,0.945945945945946,21.860532538867457,0.0,True
190,0.25,5.0,0.9473684210526316,22.19925713945986,0.0,True
195,0.25,5.0,0.9487179487179488,22.532976783706204,0.0,True
200,0.25,5.0,0.95,22.861904265976328,0.0,True
5,0.25,5.0,1.0,3.872983346207417,5.3755588364734486e-05,False
10,0.25,5.0,1.0,5.477225575051661,2.1602315269930727e-08,True
15,0.25,5.0,1.0,6.7082039324993685,9.851675031313787e-12,True
20,0.25,5.0,1.0,7.745966692414833,4.6629367034256575e-15,True
25,0.25,5.0,1.0,8.660254037844386,0.0,True
30,0.25,5.0,1.0,9.486832980505138,0.0,True
35,0.25,5.0,1.0,10.246950765959598,0.0,True
40,0.25,5.0,0.95,10.2241544067631,0.0,True
45,0.25,5.0,0.9555555555555556,10.930419665963155,0.0,True
5,0.5,5.0,1.0,2.23606797749979,0.0126736593387342,False
10,0.5,5.0,1.0,3.162277660168379,0.0007827011290012,False
15,0.5,5.0,1.0,3.872983346207417,5.3755588364734486e-05,False
20,0.5,5.0,1.0,4.47213595499958,3.8721082155079856e-06,True
25,0.5,5.0,0.96,4.6,2.112454702496436e-06,True
30,0.5,5.0,0.9666666666666668,5.11207720338155,1.5931777319622142e-07,True
5,0.5,5.0,1.0,2.23606797749979,0.0126736593387342,False
10,0.5,5.0,1.0,3.162277660168379,0.0007827011290012,False
15,0.5,5.0,1.0,3.872983346207417,5.3755588364734486e-05,False
20,0.5,5.0,0.95,4.024922359499621,2.849705811658332e-05,True
25,0.5,5.0,0.96,4.6,2.112454702496436e-06,True
30,0.5,5.0,0.9666666666666668,5.11207720338155,1.5931777319622142e-07,True
35,0.5,5.0,0.9714285714285714,5.578018081208209,1.2163718698943173e-08,True
40,0.5,5.0,0.925,5.375872022286244,3.810645643476107e-08,True
45,0.5,5.0,0.9111111111111112,5.515634344499481,1.7376207472885596e-08,True
50,0.5,5.0,0.92,5.939696961966999,1.427747031712556e-09,True
55,0.5,5.0,0.9272727272727272,6.337478707154475,1.1677769862217247e-10,True
60,0.5,5.0,0.9333333333333332,6.713171133426189,9.521938793000118e-12,True
65,0.5,5.0,0.9384615384615383,7.0699798715848825,7.747136265834342e-13,True
70,0.5,5.0,0.9428571428571428,7.41041737787324,6.294964549624639e-14,True
75,0.5,5.0,0.9466666666666668,7.736493607140985,5.10702591327572e-15,True
80,0.5,5.0,0.95,8.049844718999243,4.440892098500626e-16,True
85,0.5,5.0,0.9411764705882352,8.134892168199606,2.220446049250313e-16,True
90,0.5,5.0,0.9444444444444444,8.432740427115679,0.0,True
95,0.5,5.0,0.936842105263158,8.51562032230678,0.0,True
100,0.5,5.0,0.94,8.8,0.0,True
105,0.5,5.0,0.9333333333333332,8.880690663831652,0.0,True
110,0.5,5.0,0.9272727272727272,8.962548338908567,0.0,True
115,0.5,5.0,0.9217391304347826,9.045296639931044,0.0,True
120,0.5,5.0,0.925,9.311283477587825,0.0,True
125,0.5,5.0,0.928,9.5703709436991,0.0,True
130,0.5,5.0,0.9307692307692308,9.823049816238727,0.0,True
135,0.5,5.0,0.925925925925926,9.89762410697451,0.0,True
140,0.5,5.0,0.9285714285714286,10.1418510567422,0.0,True
145,0.5,5.0,0.9241379310344828,10.214594022010017,0.0,True
150,0.5,5.0,0.9266666666666666,10.451156235874894,0.0,True
155,0.5,5.0,0.9225806451612903,10.522173208622736,0.0,True
160,0.5,5.0,0.91875,10.59363016156407,0.0,True
165,0.5,5.0,0.9212121212121211,10.82113532384517,0.0,True
170,0.5,5.0,0.9176470588235294,10.89090284163266,0.0,True
175,0.5,5.0,0.92,11.11215550647128,0.0,True
180,0.5,5.0,0.9166666666666666,11.180339887498947,0.0,True
185,0.5,5.0,0.918918918918919,11.39582664245402,0.0,True
190,0.5,5.0,0.9210526315789472,11.607620001760187,0.0,True
195,0.5,5.0,0.9230769230769232,11.815895421650644,0.0,True
200,0.5,5.0,0.925,12.020815280171307,0.0,True
5,0.5,5.0,1.0,2.23606797749979,0.0126736593387342,False
10,0.5,5.0,1.0,3.162277660168379,0.0007827011290012,False
15,0.5,5.0,0.9333333333333332,3.3565855667130946,0.0003945564945078,False
20,0.5,5.0,0.95,4.024922359499621,2.849705811658332e-05,True
25,0.5,5.0,0.96,4.6,2.112454702496436e-06,True
30,0.5,5.0,0.9666666666666668,5.11207720338155,1.5931777319622142e-07,True
35,0.5,5.0,0.9142857142857144,4.901894677425396,4.745836199582243e-07,True
40,0.5,5.0,0.925,5.375872022286244,3.810645643476107e-08,True
45,0.5,5.0,0.9111111111111112,5.515634344499481,1.7376207472885596e-08,True
50,0.5,5.0,0.92,5.939696961966999,1.427747031712556e-09,True
55,0.5,5.0,0.9272727272727272,6.337478707154475,1.1677769862217247e-10,True
60,0.5,5.0,0.9333333333333332,6.713171133426189,9.521938793000118e-12,True
65,0.5,5.0,0.9384615384615383,7.0699798715848825,7.747136265834342e-13,True
70,0.5,5.0,0.9142857142857144,6.932325934139483,2.069899807111142e-12,True
75,0.5,5.0,0.92,7.274613391789284,1.7363888105137448e-13,True
80,0.5,5.0,0.925,7.602631123499284,1.4432899320127035e-14,True
85,0.5,5.0,0.9294117647058824,7.9179617103809505,1.2212453270876722e-15,True
90,0.5,5.0,0.9333333333333332,8.221921916437786,1.1102230246251563e-16,True
95,0.5,5.0,0.936842105263158,8.51562032230678,0.0,True
100,0.5,5.0,0.94,8.8,0.0,True
105,0.5,5.0,0.9428571428571428,9.075870678421358,0.0,True
110,0.5,5.0,0.9454545454545454,9.343933374606804,0.0,True
115,0.5,5.0,0.9478260869565216,9.604799524875231,0.0,True
120,0.5,5.0,0.95,9.85900603509299,0.0,True
125,0.5,5.0,0.952,10.107027258299048,0.0,True
130,0.5,5.0,0.946153846153846,10.17387302396154,0.0,True
135,0.5,5.0,0.9481481481481482,10.414021886468833,0.0,True
140,0.5,5.0,0.95,10.648943609579309,0.0,True
145,0.5,5.0,0.9517241379310344,10.878957860839936,0.0,True
150,0.5,5.0,0.9533333333333334,11.104353500617076,0.0,True
155,0.5,5.0,0.9548387096774194,11.325392537525234,0.0,True
160,0.5,5.0,0.95625,11.542313459614585,0.0,True
165,0.5,5.0,0.9575757575757576,11.755334056838995,0.0,True
170,0.5,5.0,0.9588235294117649,11.964653826018978,0.0,True
175,0.5,5.0,0.96,12.170456030897116,0.0,True
180,0.5,5.0,0.9611111111111112,12.372909475498837,0.0,True
185,0.5,5.0,0.9621621621621622,12.572170037804112,0.0,True
190,0.5,5.0,0.963157894736842,12.768382001936205,0.0,True
195,0.5,5.0,0.964102564102564,12.961679220113735,0.0,True
200,0.5,5.0,0.965,13.152186130069785,0.0,True
5,0.5,5.0,1.0,2.23606797749979,0.0126736593387342,False
10,0.5,5.0,1.0,3.162277660168379,0.0007827011290012,False
15,0.5,5.0,1.0,3.872983346207417,5.3755588364734486e-05,False
20,0.5,5.0,0.95,4.024922359499621,2.849705811658332e-05,True
25,0.5,5.0,0.96,4.6,2.112454702496436e-06,True
30,0.5,5.0,0.9666666666666668,5.11207720338155,1.5931777319622142e-07,True
35,0.5,5.0,0.9714285714285714,5.578018081208209,1.2163718698943173e-08,True
40,0.5,5.0,0.975,6.00832755431992,9.372342901770023e-10,True
45,0.5,5.0,0.9555555555555556,6.111919138499425,4.922002805329838e-10,True
50,0.5,5.0,0.96,6.505382386916237,3.874800480474505e-11,True
55,0.5,5.0,0.9636363636363636,6.87683859712507,3.059774655866932e-12,True
60,0.5,5.0,0.9666666666666668,7.229568912920511,2.422506639732092e-13,True
65,0.5,5.0,0.9692307692307692,7.566118809941717,1.9206858326015208e-14,True
70,0.5,5.0,0.9714285714285714,7.888508821606998,1.5543122344752194e-15,True
75,0.5,5.0,0.9733333333333334,8.198373822492686,1.1102230246251563e-16,True
80,0.5,5.0,0.975,8.497058314499201,0.0,True
85,0.5,5.0,0.9647058823529412,8.568753083836919,0.0,True
90,0.5,5.0,0.9555555555555556,8.64355893779357,0.0,True
95,0.5,5.0,0.9578947368421052,8.92601166314084,0.0,True
100,0.5,5.0,0.96,9.2,0.0,True
105,0.5,5.0,0.961904761904762,9.466230707600772,0.0,True
110,0.5,5.0,0.9636363636363636,9.72531841030504,0.0,True
115,0.5,5.0,0.9652173913043478,9.977801448171356,0.0,True
120,0.5,5.0,0.9666666666666668,10.2241544067631,0.0,True
125,0.5,5.0,0.968,10.464798134699016,0.0,True
130,0.5,5.0,0.9692307692307692,10.700107835545756,0.0,True
135,0.5,5.0,0.9703703703703704,10.930419665963155,0.0,True
140,0.5,5.0,0.9714285714285714,11.156036162416418,0.0,True
145,0.5,5.0,0.9724137931034482,11.377230739962377,0.0,True
150,0.5,5.0,0.9733333333333334,11.59425144917371,0.0,True
155,0.5,5.0,0.9741935483870968,11.807324134866732,0.0,True
160,0.5,5.0,0.975,12.01665510863984,0.0,True
165,0.5,5.0,0.9757575757575756,12.22243342333591,0.0,True
170,0.5,5.0,0.9705882352941176,12.271439821557928,0.0,True
175,0.5,5.0,0.9714285714285714,12.4728276093045,0.0,True
180,0.5,5.0,0.9722222222222222,12.671051872498808,0.0,True
185,0.5,5.0,0.972972972972973,12.866255886641635,0.0,True
190,0.5,5.0,0.9736842105263158,13.05857250198021,0.0,True
195,0.5,5.0,0.9743589743589745,13.248125169729509,0.0,True
200,0.5,5.0,0.975,13.435028842544405,0.0,True
5,0.5,5.0,1.0,2.23606797749979,0.0126736593387342,False
10,0.5,5.0,1.0,3.162277660168379,0.0007827011290012,False
15,0.5,5.0,0.9333333333333332,3.3565855667130946,0.0003945564945078,False
20,0.5,5.0,0.95,4.024922359499621,2.849705811658332e-05,True
25,0.5,5.0,0.96,4.6,2.112454702496436e-06,True
30,0.5,5.0,0.9666666666666668,5.11207720338155,1.5931777319622142e-07,True
35,0.5,5.0,0.9714285714285714,5.578018081208209,1.2163718698943173e-08,True
40,0.5,5.0,0.95,5.692099788303082,6.2743237272400165e-09,True
45,0.5,5.0,0.9555555555555556,6.111919138499425,4.922002805329838e-10,True
50,0.5,5.0,0.96,6.505382386916237,3.874800480474505e-11,True
55,0.5,5.0,0.9636363636363636,6.87683859712507,3.059774655866932e-12,True
60,0.5,5.0,0.9666666666666668,7.229568912920511,2.422506639732092e-13,True
65,0.5,5.0,0.9692307692307692,7.566118809941717,1.9206858326015208e-14,True
70,0.5,5.0,0.9714285714285714,7.888508821606998,1.5543122344752194e-15,True
75,0.5,5.0,0.96,7.967433714816835,8.881784197001252e-16,True
80,0.5,5.0,0.9625,8.27345151674922,0.0,True
85,0.5,5.0,0.9647058823529412,8.568753083836919,0.0,True
90,0.5,5.0,0.9666666666666668,8.854377448471462,0.0,True
95,0.5,5.0,0.968421052631579,9.131207333557873,0.0,True
100,0.5,5.0,0.97,9.4,0.0,True
105,0.5,5.0,0.9714285714285714,9.661410722190478,0.0,True
110,0.5,5.0,0.9727272727272728,9.91601092815416,0.0,True
115,0.5,5.0,0.9739130434782608,10.16430240981942,0.0,True
120,0.5,5.0,0.975,10.406728592598157,0.0,True
125,0.5,5.0,0.976,10.643683572899,0.0,True
130,0.5,5.0,0.9692307692307692,10.700107835545756,0.0,True
135,0.5,5.0,0.9703703703703704,10.930419665963155,0.0,True
140,0.5,5.0,0.9714285714285714,11.156036162416418,0.0,True
145,0.5,5.0,0.9724137931034482,11.377230739962377,0.0,True
150,0.5,5.0,0.9733333333333334,11.59425144917371,0.0,True
155,0.5,5.0,0.9741935483870968,11.807324134866732,0.0,True
160,0.5,5.0,0.975,12.01665510863984,0.0,True
165,0.5,5.0,0.9757575757575756,12.22243342333591,0.0,True
170,0.5,5.0,0.976470588235294,12.4248328193274,0.0,True
175,0.5,5.0,0.9771428571428572,12.62401339850819,0.0,True
180,0.5,5.0,0.9777777777777776,12.820123070998791,0.0,True
185,0.5,5.0,0.9783783783783784,13.013298811060396,0.0,True
190,0.5,5.0,0.9789473684210528,13.203667752002213,0.0,True
195,0.5,5.0,0.9794871794871794,13.391348144537396,0.0,True
200,0.5,5.0,0.98,13.576450198781712,0.0,True
5,0.5,5.0,1.0,2.23606797749979,0.0126736593387342,False
10,0.5,5.0,1.0,3.162277660168379,0.0007827011290012,False
15,0.5,5.0,1.0,3.872983346207417,5.3755588364734486e-05,False
20,0.5,5.0,1.0,4.47213595499958,3.8721082155079856e-06,True
25,0.5,5.0,1.0,5.0,2.866515718125129e-07,True
30,0.5,5.0,1.0,5.477225575051661,2.1602315269930727e-08,True
35,0.5,5.0,1.0,5.916079783099616,1.6485266485233294e-09,True
40,0.5,5.0,1.0,6.324555320336758,1.269814253745949e-10,True
45,0.5,5.0,1.0,6.7082039324993685,9.851675031313787e-12,True
50,0.5,5.0,1.0,7.071067811865475,7.687184222504584e-13,True
55,0.5,5.0,1.0,7.416198487095663,6.0285110237146e-14,True
60,0.5,5.0,1.0,7.745966692414833,4.6629367034256575e-15,True
65,0.5,5.0,1.0,8.062257748298551,4.440892098500626e-16,True
70,0.5,5.0,1.0,8.366600265340756,0.0,True
75,0.5,5.0,1.0,8.660254037844386,0.0,True
80,0.5,5.0,1.0,8.94427190999916,0.0,True
85,0.5,5.0,1.0,9.219544457292889,0.0,True
90,0.5,5.0,1.0,9.486832980505138,0.0,True
95,0.5,5.0,1.0,9.746794344808963,0.0,True
100,0.5,5.0,1.0,10.0,0.0,True
105,0.5,5.0,1.0,10.246950765959598,0.0,True
110,0.5,5.0,1.0,10.488088481701515,0.0,True
115,0.5,5.0,1.0,10.72380529476361,0.0,True
120,0.5,5.0,1.0,10.954451150103322,0.0,True
125,0.5,5.0,1.0,11.180339887498947,0.0,True
130,0.5,5.0,1.0,11.40175425099138,0.0,True
135,0.5,5.0,1.0,11.618950038622252,0.0,True
140,0.5,5.0,1.0,11.832159566199232,0.0,True
145,0.5,5.0,1.0,12.041594578792296,0.0,True
150,0.5,5.0,1.0,12.24744871391589,0.0,True
155,0.5,5.0,1.0,12.449899597988733,0.0,True
160,0.5,5.0,1.0,12.649110640673516,0.0,True
165,0.5,5.0,1.0,12.84523257866513,0.0,True
170,0.5,5.0,1.0,13.038404810405297,0.0,True
175,0.5,5.0,1.0,13.228756555322953,0.0,True
180,0.5,5.0,1.0,13.416407864998735,0.0,True
185,0.5,5.0,1.0,13.601470508735442,0.0,True
190,0.5,5.0,1.0,13.784048752090222,0.0,True
195,0.5,5.0,1.0,13.964240043768942,0.0,True
200,0.5,5.0,0.995,14.00071426749364,0.0,True
5,0.5,5.0,1.0,2.23606797749979,0.0126736593387342,False
10,0.5,5.0,1.0,3.162277660168379,0.0007827011290012,False
15,0.5,5.0,1.0,3.872983346207417,5.3755588364734486e-05,False
20,0.5,5.0,1.0,4.47213595499958,3.8721082155079856e-06,True
25,0.5,5.0,1.0,5.0,2.866515718125129e-07,True
30,0.5,5.0,0.9666666666666668,5.11207720338155,1.5931777319622142e-07,True
35,0.5,5.0,0.9714285714285714,5.578018081208209,1.2163718698943173e-08,True
40,0.5,5.0,0.95,5.692099788303082,6.2743237272400165e-09,True
45,0.5,5.0,0.9555555555555556,6.111919138499425,4.922002805329838e-10,True
50,0.5,5.0,0.94,6.222539674441618,2.445854629939958e-10,True
55,0.5,5.0,0.9454545454545454,6.6071586521397725,1.958833095727641e-11,True
60,0.5,5.0,0.95,6.97137002317335,1.5694112676101213e-12,True
65,0.5,5.0,0.953846153846154,7.3180493407633,1.2578826869003026e-13,True
70,0.5,5.0,0.9571428571428572,7.649463099740119,1.0103029524088925e-14,True
75,0.5,5.0,0.96,7.967433714816835,8.881784197001252e-16,True
80,0.5,5.0,0.9625,8.27345151674922,0.0,True
85,0.5,5.0,0.9647058823529412,8.568753083836919,0.0,True
90,0.5,5.0,0.9666666666666668,8.854377448471462,0.0,True
95,0.5,5.0,0.9578947368421052,8.92601166314084,0.0,True
100,0.5,5.0,0.94,8.8,0.0,True
105,0.5,5.0,0.9428571428571428,9.075870678421358,0.0,True
110,0.5,5.0,0.9454545454545454,9.343933374606804,0.0,True
115,0.5,5.0,0.9391304347826088,9.41829856322717,0.0,True
120,0.5,5.0,0.9416666666666668,9.676431849257934,0.0,True
125,0.5,5.0,0.944,9.928141820099066,0.0,True
130,0.5,5.0,0.946153846153846,10.17387302396154,0.0,True
135,0.5,5.0,0.9407407407407408,10.24188929330406,0.0,True
140,0.5,5.0,0.9428571428571428,10.479912758633606,0.0,True
145,0.5,5.0,0.9448275862068966,10.712866901132456,0.0,True
150,0.5,5.0,0.9466666666666668,10.941054184431527,0.0,True
155,0.5,5.0,0.9483870967741936,11.164748671744734,0.0,True
160,0.5,5.0,0.95,11.384199576606164,0.0,True
165,0.5,5.0,0.9515151515151516,11.599634268006692,0.0,True
5,0.5,5.0,1.0,2.23606797749979,0.0126736593387342,False
10,0.5,5.0,1.0,3.162277660168379,0.0007827011290012,False
15,0.5,5.0,1.0,3.872983346207417,5.3755588364734486e-05,False
20,0.5,5.0,1.0,4.47213595499958,3.8721082155079856e-06,True
25,0.5,5.0,1.0,5.0,2.866515718125129e-07,True
30,0.5,5.0,1.0,5.477225575051661,2.1602315269930727e-08,True
35,0.5,5.0,1.0,5.916079783099616,1.6485266485233294e-09,True
40,0.5,5.0,1.0,6.324555320336758,1.269814253745949e-10,True
45,0.5,5.0,1.0,6.7082039324993685,9.851675031313787e-12,True
50,0.5,5.0,1.0,7.071067811865475,7.687184222504584e-13,True
55,0.5,5.0,1.0,7.416198487095663,6.0285110237146e-14,True
60,0.5,5.0,1.0,7.745966692414833,4.6629367034256575e-15,True
65,0.5,5.0,1.0,8.062257748298551,4.440892098500626e-16,True
70,0.5,5.0,1.0,8.366600265340756,0.0,True
75,0.5,5.0,1.0,8.660254037844386,0.0,True
80,0.5,5.0,1.0,8.94427190999916,0.0,True
85,0.5,5.0,1.0,9.219544457292889,0.0,True
90,0.5,5.0,1.0,9.486832980505138,0.0,True
95,0.5,5.0,0.9894736842105264,9.541598674391931,0.0,True
100,0.5,5.0,0.99,9.8,0.0,True
105,0.5,5.0,0.9809523809523808,9.856590736780186,0.0,True
110,0.5,5.0,0.9818181818181818,10.106703446003278,0.0,True
115,0.5,5.0,0.982608695652174,10.350803371467483,0.0,True
120,0.5,5.0,0.9833333333333332,10.589302778433211,0.0,True
125,0.5,5.0,0.984,10.82256901109898,0.0,True
130,0.5,5.0,0.9846153846153848,11.05093104326857,0.0,True
135,0.5,5.0,0.9851851851851852,11.274684852292705,0.0,True
140,0.5,5.0,0.9857142857142858,11.494097864307824,0.0,True
145,0.5,5.0,0.986206896551724,11.709412659377335,0.0,True
150,0.5,5.0,0.9866666666666668,11.9208500815448,0.0,True
155,0.5,5.0,0.9870967741935484,12.128611866427732,0.0,True
160,0.5,5.0,0.9875,12.33288287465668,0.0,True
165,0.5,5.0,0.987878787878788,12.53383300100052,0.0,True
170,0.5,5.0,0.9823529411764704,12.578225817096872,0.0,True
175,0.5,5.0,0.9828571428571428,12.77519918771188,0.0,True
180,0.5,5.0,0.9833333333333332,12.96919426949878,0.0,True
185,0.5,5.0,0.9837837837837838,13.160341735479156,0.0,True
190,0.5,5.0,0.9842105263157894,13.348763002024215,0.0,True
195,0.5,5.0,0.9846153846153848,13.534571119345282,0.0,True
200,0.5,5.0,0.98,13.576450198781712,0.0,True
5,0.75,5.0,1.0,1.2909944487358056,0.0983528012294734,False
10,0.75,5.0,1.0,1.8257418583505536,0.0339445774309145,False
15,0.75,5.0,1.0,2.23606797749979,0.0126736593387342,False
20,0.75,5.0,1.0,2.581988897471611,0.0049116372537596,False
25,0.75,5.0,1.0,2.8867513459481287,0.0019462085613892,False
30,0.75,5.0,1.0,3.162277660168379,0.0007827011290012,False
35,0.75,5.0,0.9428571428571428,2.63493019696104,0.004207729369001,False
40,0.75,5.0,0.95,2.9211869733608857,0.0017435024460706,False
45,0.75,5.0,0.9555555555555556,3.1844529735483205,0.0007251393654132,False
50,0.75,5.0,0.96,3.4292856398964493,0.0003025861312691,False
55,0.75,5.0,0.9636363636363636,3.6589450375591577,0.0001266278214613,False
60,0.75,5.0,0.9666666666666668,3.8758511609996353,5.312631067222462e-05,False
65,0.75,5.0,0.9692307692307692,4.081854782024768,2.233885549718373e-05,True
70,0.75,5.0,0.9714285714285714,4.278406467922596,9.411802762482324e-06,True
75,0.75,5.0,0.9733333333333334,4.466666666666667,3.972388603390442e-06,True
80,0.75,5.0,0.975,4.6475800154489,1.679259164610869e-06,True
85,0.75,5.0,0.976470588235294,4.821927041355651,7.108897595031749e-07,True
90,0.75,5.0,0.9777777777777776,4.990361079491514,3.0133265127574305e-07,True
95,0.75,5.0,0.9789473684210528,5.153435236504103,1.2787871406239049e-07,True
100,0.75,5.0,0.98,5.3116224765445565,5.4326754872491285e-08,True
105,0.75,5.0,0.9809523809523808,5.465330847244407,2.3102210477965457e-08,True
110,0.75,5.0,0.9818181818181818,5.614915202144439,9.832933134390489e-09,True
115,0.75,5.0,0.982608695652174,5.760686352022371,4.18862911022444e-09,True
120,0.75,5.0,0.9833333333333332,5.902918298980975,1.7856358613954624e-09,True
125,0.75,5.0,0.984,6.04185402008357,7.617664277148605e-10,True
130,0.75,5.0,0.9846153846153848,6.177710139210367,3.251898750278315e-10,True
135,0.75,5.0,0.9851851851851852,6.310680736499406,1.3890533168137154e-10,True
140,0.75,5.0,0.9857142857142858,6.440940481460319,5.936773295189823e-11,True
145,0.75,5.0,0.986206896551724,6.568647230349763,2.538724785949853e-11,True
150,0.75,5.0,0.9866666666666668,6.69394419523265,1.0861755939117756e-11,True
155,0.75,5.0,0.9870967741935484,6.816961767674474,4.649280960222768e-12,True
160,0.75,5.0,0.9875,6.937819061732104,1.991073972362756e-12,True
5,0.75,5.0,1.0,1.2909944487358056,0.0983528012294734,False
10,0.75,5.0,1.0,1.8257418583505536,0.0339445774309145,False
15,0.75,5.0,1.0,2.23606797749979,0.0126736593387342,False
20,0.75,5.0,1.0,2.581988897471611,0.0049116372537596,False
25,0.75,5.0,1.0,2.8867513459481287,0.0019462085613892,False
30,0.75,5.0,1.0,3.162277660168379,0.0007827011290012,False
35,0.75,5.0,1.0,3.4156502553198664,0.0003181495706201,False
40,0.75,5.0,1.0,3.651483716701108,0.0001303648164276,False
45,0.75,5.0,1.0,3.872983346207417,5.3755588364734486e-05,False
50,0.75,5.0,1.0,4.08248290463863,2.2278545302012454e-05,True
55,0.75,5.0,1.0,4.281744192888376,9.27170407649669e-06,True
60,0.75,5.0,1.0,4.47213595499958,3.8721082155079856e-06,True
65,0.75,5.0,1.0,4.654746681256314,1.6218963387881755e-06,True
70,0.75,5.0,1.0,4.83045891539648,6.810936049594929e-07,True
75,0.75,5.0,0.9866666666666668,4.733333333333333,1.104311644350986e-06,True
80,0.75,5.0,0.9875,4.905778905196061,4.652865148724317e-07,True
85,0.75,5.0,0.9882352941176472,5.072416757789712,1.9639748716215882e-07,True
90,0.75,5.0,0.9888888888888888,5.233793327271588,8.303306531232124e-08,True
95,0.75,5.0,0.9894736842105264,5.39037478760774,3.515544566567996e-08,True
100,0.75,5.0,0.99,5.542562584220407,1.4903840717117592e-08,True
105,0.75,5.0,0.9809523809523808,5.465330847244407,2.3102210477965457e-08,True
110,0.75,5.0,0.9818181818181818,5.614915202144439,9.832933134390489e-09,True
115,0.75,5.0,0.982608695652174,5.760686352022371,4.18862911022444e-09,True
120,0.75,5.0,0.9833333333333332,5.902918298980975,1.7856358613954624e-09,True
125,0.75,5.0,0.984,6.04185402008357,7.617664277148605e-10,True
130,0.75,5.0,0.9846153846153848,6.177710139210367,3.251898750278315e-10,True
135,0.75,5.0,0.9851851851851852,6.310680736499406,1.3890533168137154e-10,True
140,0.75,5.0,0.9857142857142858,6.440940481460319,5.936773295189823e-11,True
145,0.75,5.0,0.986206896551724,6.568647230349763,2.538724785949853e-11,True
150,0.75,5.0,0.9866666666666668,6.69394419523265,1.0861755939117756e-11,True
155,0.75,5.0,0.9806451612903224,6.631466209370407,1.6618484366404118e-11,True
160,0.75,5.0,0.98125,6.7552448758970485,7.1296302195378295e-12,True
165,0.75,5.0,0.9818181818181818,6.87683859712507,3.059774655866932e-12,True
170,0.75,5.0,0.9823529411764704,6.996357595766753,1.313504860434023e-12,True
175,0.75,5.0,0.9828571428571428,7.113903221693352,5.639932965095795e-13,True
180,0.75,5.0,0.9833333333333332,7.229568912920512,2.422506639732092e-13,True
185,0.75,5.0,0.9837837837837838,7.343441027619553,1.0413891970983968e-13,True
190,0.75,5.0,0.9842105263157894,7.45559956759218,4.4741987892393815e-14,True
195,0.75,5.0,0.9846153846153848,7.566118809941717,1.9206858326015208e-14,True
200,0.75,5.0,0.985,7.675067860720625,8.215650382226158e-15,True
5,0.75,5.0,1.0,1.2909944487358056,0.0983528012294734,False
10,0.75,5.0,1.0,1.8257418583505536,0.0339445774309145,False
15,0.75,5.0,1.0,2.23606797749979,0.0126736593387342,False
20,0.75,5.0,1.0,2.581988897471611,0.0049116372537596,False
25,0.75,5.0,1.0,2.8867513459481287,0.0019462085613892,False
30,0.75,5.0,1.0,3.162277660168379,0.0007827011290012,False
35,0.75,5.0,1.0,3.4156502553198664,0.0003181495706201,False
40,0.75,5.0,1.0,3.651483716701108,0.0001303648164276,False
45,0.75,5.0,1.0,3.872983346207417,5.3755588364734486e-05,False
50,0.75,5.0,1.0,4.08248290463863,2.2278545302012454e-05,True
55,0.75,5.0,1.0,4.281744192888376,9.27170407649669e-06,True
60,0.75,5.0,1.0,4.47213595499958,3.8721082155079856e-06,True
65,0.75,5.0,1.0,4.654746681256314,1.6218963387881755e-06,True
70,0.75,5.0,1.0,4.83045891539648,6.810936049594929e-07,True
75,0.75,5.0,1.0,5.0,2.866515718125129e-07,True
80,0.75,5.0,1.0,5.163977794943222,1.2087819412087697e-07,True
85,0.75,5.0,1.0,5.322906474223771,5.106112854758038e-08,True
90,0.75,5.0,1.0,5.477225575051661,2.1602315269930727e-08,True
95,0.75,5.0,1.0,5.627314338711377,9.15184994454421e-09,True
100,0.75,5.0,1.0,5.773502691896257,3.882018262402198e-09,True
105,0.75,5.0,1.0,5.916079783099615,1.6485266485233294e-09,True
110,0.75,5.0,1.0,6.055300708194984,7.007779911916144e-10,True
115,0.75,5.0,1.0,6.191391873668904,2.981761504372571e-10,True
120,0.75,5.0,1.0,6.324555320336758,1.269814253745949e-10,True
125,0.75,5.0,1.0,6.454972243679028,5.4119375647587724e-11,True
130,0.75,5.0,1.0,6.582805886043833,2.308264690498163e-11,True
135,0.75,5.0,1.0,6.7082039324993685,9.851675031313787e-12,True
140,0.75,5.0,1.0,6.831300510639733,4.207412196421956e-12,True
145,0.75,5.0,1.0,6.95221787153807,1.7978951660779785e-12,True
150,0.75,5.0,1.0,7.071067811865475,7.687184222504584e-13,True
155,0.75,5.0,1.0,7.187952884282609,3.2884805989397137e-13,True
160,0.75,5.0,1.0,7.302967433402215,1.4077627952246985e-13,True
165,0.75,5.0,1.0,7.416198487095663,6.0285110237146e-14,True
170,0.75,5.0,1.0,7.52772652709081,2.5757174171303632e-14,True
175,0.75,5.0,1.0,7.637626158259734,1.1102230246251564e-14,True
180,0.75,5.0,1.0,7.745966692414834,4.6629367034256575e-15,True
185,0.75,5.0,1.0,7.852812659593164,1.9984014443252818e-15,True
190,0.75,5.0,1.0,7.958224257542214,8.881784197001252e-16,True
195,0.75,5.0,1.0,8.062257748298551,4.440892098500626e-16,True
200,0.75,5.0,1.0,8.16496580927726,2.220446049250313e-16,True
5,0.75,5.0,1.0,1.2909944487358056,0.0983528012294734,False
10,0.75,5.0,1.0,1.8257418583505536,0.0339445774309145,False
15,0.75,5.0,1.0,2.23606797749979,0.0126736593387342,False
20,0.75,5.0,1.0,2.581988897471611,0.0049116372537596,False
25,0.75,5.0,1.0,2.8867513459481287,0.0019462085613892,False
30,0.75,5.0,1.0,3.162277660168379,0.0007827011290012,False
35,0.75,5.0,1.0,3.4156502553198664,0.0003181495706201,False
40,0.75,5.0,1.0,3.651483716701108,0.0001303648164276,False
45,0.75,5.0,1.0,3.872983346207417,5.3755588364734486e-05,False
50,0.75,5.0,1.0,4.08248290463863,2.2278545302012454e-05,True
55,0.75,5.0,1.0,4.281744192888376,9.27170407649669e-06,True
60,0.75,5.0,1.0,4.47213595499958,3.8721082155079856e-06,True
5,0.75,5.0,1.0,1.2909944487358056,0.0983528012294734,False
10,0.75,5.0,1.0,1.8257418583505536,0.0339445774309145,False
15,0.75,5.0,1.0,2.23606797749979,0.0126736593387342,False
20,0.75,5.0,1.0,2.581988897471611,0.0049116372537596,False
25,0.75,5.0,1.0,2.8867513459481287,0.0019462085613892,False
30,0.75,5.0,0.9666666666666668,2.7406406388125952,0.0030659766520406,False
35,0.75,5.0,0.9714285714285714,3.025290226140453,0.0012419732338426,False
40,0.75,5.0,0.975,3.2863353450309964,0.0005075004735565,False
45,0.75,5.0,0.9777777777777776,3.5287181598778687,0.0002087887998534,False
50,0.75,5.0,0.98,3.75588427226754,8.636525148408847e-05,False
55,0.75,5.0,0.9818181818181818,3.970344615223767,3.588437475821049e-05,False
60,0.75,5.0,0.9833333333333332,4.173993557999607,1.4965311111447832e-05,True
65,0.75,5.0,0.9846153846153848,4.368300731640541,6.260849662487189e-06,True
70,0.75,5.0,0.9857142857142858,4.554432691659538,2.6263569739004566e-06,True
75,0.75,5.0,0.9866666666666668,4.733333333333333,1.104311644350986e-06,True
80,0.75,5.0,0.9875,4.905778905196061,4.652865148724317e-07,True
85,0.75,5.0,0.976470588235294,4.821927041355651,7.108897595031749e-07,True
90,0.75,5.0,0.9777777777777776,4.990361079491514,3.0133265127574305e-07,True
95,0.75,5.0,0.9789473684210528,5.153435236504103,1.2787871406239049e-07,True
100,0.75,5.0,0.98,5.3116224765445565,5.4326754872491285e-08,True
105,0.75,5.0,0.9809523809523808,5.465330847244407,2.3102210477965457e-08,True
110,0.75,5.0,0.9818181818181818,5.614915202144439,9.832933134390489e-09,True
115,0.75,5.0,0.982608695652174,5.760686352022371,4.18862911022444e-09,True
120,0.75,5.0,0.9833333333333332,5.902918298980975,1.7856358613954624e-09,True
125,0.75,5.0,0.984,6.04185402008357,7.617664277148605e-10,True
130,0.75,5.0,0.9846153846153848,6.177710139210367,3.251898750278315e-10,True
135,0.75,5.0,0.9851851851851852,6.310680736499406,1.3890533168137154e-10,True
140,0.75,5.0,0.9857142857142858,6.440940481460319,5.936773295189823e-11,True
145,0.75,5.0,0.986206896551724,6.568647230349763,2.538724785949853e-11,True
150,0.75,5.0,0.98,6.505382386916237,3.874800480474505e-11,True
155,0.75,5.0,0.9806451612903224,6.631466209370407,1.6618484366404118e-11,True
160,0.75,5.0,0.98125,6.7552448758970485,7.1296302195378295e-12,True
165,0.75,5.0,0.9818181818181818,6.87683859712507,3.059774655866932e-12,True
170,0.75,5.0,0.9823529411764704,6.996357595766753,1.313504860434023e-12,True
175,0.75,5.0,0.9828571428571428,7.113903221693352,5.639932965095795e-13,True
180,0.75,5.0,0.9777777777777776,7.0574363197557375,8.479883462086947e-13,True
185,0.75,5.0,0.9783783783783784,7.173650483628349,3.6504133049675147e-13,True
190,0.75,5.0,0.9789473684210528,7.288058004275501,1.5720758028692217e-13,True
195,0.75,5.0,0.9794871794871794,7.400739163822772,6.772360450213456e-14,True
200,0.75,5.0,0.98,7.511768544535079,2.90878432451791e-14,True
5,0.75,5.0,1.0,1.2909944487358056,0.0983528012294734,False
10,0.75,5.0,1.0,1.8257418583505536,0.0339445774309145,False
15,0.75,5.0,1.0,2.23606797749979,0.0126736593387342,False
20,0.75,5.0,1.0,2.581988897471611,0.0049116372537596,False
25,0.75,5.0,1.0,2.8867513459481287,0.0019462085613892,False
30,0.75,5.0,1.0,3.162277660168379,0.0007827011290012,False
35,0.75,5.0,1.0,3.4156502553198664,0.0003181495706201,False
40,0.75,5.0,1.0,3.651483716701108,0.0001303648164276,False
45,0.75,5.0,1.0,3.872983346207417,5.3755588364734486e-05,False
50,0.75,5.0,1.0,4.08248290463863,2.2278545302012454e-05,True
55,0.75,5.0,1.0,4.281744192888376,9.27170407649669e-06,True
60,0.75,5.0,0.9833333333333332,4.173993557999607,1.4965311111447832e-05,True
65,0.75,5.0,0.9846153846153848,4.368300731640541,6.260849662487189e-06,True
70,0.75,5.0,0.9857142857142858,4.554432691659538,2.6263569739004566e-06,True
75,0.75,5.0,0.9866666666666668,4.733333333333333,1.104311644350986e-06,True
80,0.75,5.0,0.9875,4.905778905196061,4.652865148724317e-07,True
85,0.75,5.0,0.9882352941176472,5.072416757789712,1.9639748716215882e-07,True
90,0.75,5.0,0.9888888888888888,5.233793327271588,8.303306531232124e-08,True
95,0.75,5.0,0.9894736842105264,5.39037478760774,3.515544566567996e-08,True
100,0.75,5.0,0.99,5.542562584220407,1.4903840717117592e-08,True
105,0.75,5.0,0.9904761904761904,5.690705315172012,6.325784340788232e-09,True
110,0.75,5.0,0.990909090909091,5.835107955169711,2.68778754808352e-09,True
115,0.75,5.0,0.991304347826087,5.976039112845637,1.1431406932160826e-09,True
120,0.75,5.0,0.9916666666666668,6.1137368096588665,4.866238523248967e-10,True
125,0.75,5.0,0.992,6.248413131881299,2.0732193739547708e-10,True
130,0.75,5.0,0.9923076923076924,6.3802580126271,8.839495801993279e-11,True
135,0.75,5.0,0.9925925925925926,6.509442334499387,3.771516432493627e-11,True
140,0.75,5.0,0.9928571428571428,6.636120496050026,1.6102341682255883e-11,True
145,0.75,5.0,0.993103448275862,6.760432550943917,6.87894186057747e-12,True
150,0.75,5.0,0.9933333333333332,6.882506003549063,2.940425680719727e-12,True
155,0.75,5.0,0.9935483870967742,7.002457325978542,1.2575496199929148e-12,True
160,0.75,5.0,0.9875,6.937819061732104,1.991073972362756e-12,True
165,0.75,5.0,0.987878787878788,7.056625227115267,8.529843498195079e-13,True
170,0.75,5.0,0.9882352941176472,7.173480572874772,3.655964420090641e-13,True
175,0.75,5.0,0.9885714285714284,7.288477533882146,1.567634910770721e-13,True
180,0.75,5.0,0.9888888888888888,7.401701506085286,6.72795152922845e-14,True
185,0.75,5.0,0.9891891891891892,7.513231571610757,2.886579864025407e-14,True
190,0.75,5.0,0.9894736842105264,7.6231411309088575,1.2434497875801752e-14,True
195,0.75,5.0,0.9897435897435898,7.731498456060659,5.3290705182007506e-15,True
200,0.75,5.0,0.99,7.83836717690617,2.220446049250313e-15,True
5,0.75,5.0,1.0,1.2909944487358056,0.0983528012294734,False
10,0.75,5.0,1.0,1.8257418583505536,0.0339445774309145,False
15,0.75,5.0,1.0,2.23606797749979,0.0126736593387342,False
20,0.75,5.0,1.0,2.581988897471611,0.0049116372537596,False
25,0.75,5.0,1.0,2.8867513459481287,0.0019462085613892,False
30,0.75,5.0,1.0,3.162277660168379,0.0007827011290012,False
35,0.75,5.0,1.0,3.4156502553198664,0.0003181495706201,False
40,0.75,5.0,1.0,3.651483716701108,0.0001303648164276,False
45,0.75,5.0,1.0,3.872983346207417,5.3755588364734486e-05,False
50,0.75,5.0,1.0,4.08248290463863,2.2278545302012454e-05,True
55,0.75,5.0,1.0,4.281744192888376,9.27170407649669e-06,True
60,0.75,5.0,1.0,4.47213595499958,3.8721082155079856e-06,True
65,0.75,5.0,1.0,4.654746681256314,1.6218963387881755e-06,True
70,0.75,5.0,1.0,4.83045891539648,6.810936049594929e-07,True
75,0.75,5.0,1.0,5.0,2.866515718125129e-07,True
80,0.75,5.0,1.0,5.163977794943222,1.2087819412087697e-07,True
85,0.75,5.0,1.0,5.322906474223771,5.106112854758038e-08,True
90,0.75,5.0,1.0,5.477225575051661,2.1602315269930727e-08,True
95,0.75,5.0,1.0,5.627314338711377,9.15184994454421e-09,True
100,0.75,5.0,1.0,5.773502691896257,3.882018262402198e-09,True
105,0.75,5.0,1.0,5.916079783099615,1.6485266485233294e-09,True
110,0.75,5.0,1.0,6.055300708194984,7.007779911916144e-10,True
115,0.75,5.0,1.0,6.191391873668904,2.981761504372571e-10,True
120,0.75,5.0,1.0,6.324555320336758,1.269814253745949e-10,True
125,0.75,5.0,1.0,6.454972243679028,5.4119375647587724e-11,True
130,0.75,5.0,1.0,6.582805886043833,2.308264690498163e-11,True
135,0.75,5.0,1.0,6.7082039324993685,9.851675031313787e-12,True
140,0.75,5.0,1.0,6.831300510639733,4.207412196421956e-12,True
145,0.75,5.0,1.0,6.95221787153807,1.7978951660779785e-12,True
150,0.75,5.0,1.0,7.071067811865475,7.687184222504584e-13,True
155,0.75,5.0,1.0,7.187952884282609,3.2884805989397137e-13,True
160,0.75,5.0,1.0,7.302967433402215,1.4077627952246985e-13,True
165,0.75,5.0,1.0,7.416198487095663,6.0285110237146e-14,True
170,0.75,5.0,1.0,7.52772652709081,2.5757174171303632e-14,True
175,0.75,5.0,1.0,7.637626158259734,1.1102230246251564e-14,True
180,0.75,5.0,1.0,7.745966692414834,4.6629367034256575e-15,True
185,0.75,5.0,1.0,7.852812659593164,1.9984014443252818e-15,True
5,0.75,5.0,1.0,1.2909944487358056,0.0983528012294734,False
10,0.75,5.0,1.0,1.8257418583505536,0.0339445774309145,False
15,0.75,5.0,1.0,2.23606797749979,0.0126736593387342,False
20,0.75,5.0,1.0,2.581988897471611,0.0049116372537596,False
25,0.75,5.0,1.0,2.8867513459481287,0.0019462085613892,False
30,0.75,5.0,1.0,3.162277660168379,0.0007827011290012,False
35,0.75,5.0,1.0,3.4156502553198664,0.0003181495706201,False
40,0.75,5.0,1.0,3.651483716701108,0.0001303648164276,False
45,0.75,5.0,1.0,3.872983346207417,5.3755588364734486e-05,False
50,0.75,5.0,1.0,4.08248290463863,2.2278545302012454e-05,True
55,0.75,5.0,1.0,4.281744192888376,9.27170407649669e-06,True
60,0.75,5.0,1.0,4.47213595499958,3.8721082155079856e-06,True
65,0.75,5.0,1.0,4.654746681256314,1.6218963387881755e-06,True
70,0.75,5.0,1.0,4.83045891539648,6.810936049594929e-07,True
75,0.75,5.0,1.0,5.0,2.866515718125129e-07,True
80,0.75,5.0,1.0,5.163977794943222,1.2087819412087697e-07,True
85,0.75,5.0,0.9882352941176472,5.072416757789712,1.9639748716215882e-07,True
90,0.75,5.0,0.9888888888888888,5.233793327271588,8.303306531232124e-08,True
95,0.75,5.0,0.9894736842105264,5.39037478760774,3.515544566567996e-08,True
100,0.75,5.0,0.99,5.542562584220407,1.4903840717117592e-08,True
105,0.75,5.0,0.9904761904761904,5.690705315172012,6.325784340788232e-09,True
110,0.75,5.0,0.990909090909091,5.835107955169711,2.68778754808352e-09,True
115,0.75,5.0,0.991304347826087,5.976039112845637,1.1431406932160826e-09,True
120,0.75,5.0,0.9916666666666668,6.1137368096588665,4.866238523248967e-10,True
125,0.75,5.0,0.992,6.248413131881299,2.0732193739547708e-10,True
130,0.75,5.0,0.9923076923076924,6.3802580126271,8.839495801993279e-11,True
135,0.75,5.0,0.9925925925925926,6.509442334499387,3.771516432493627e-11,True
140,0.75,5.0,0.9928571428571428,6.636120496050026,1.6102341682255883e-11,True
145,0.75,5.0,0.993103448275862,6.760432550943917,6.87894186057747e-12,True
150,0.75,5.0,0.9933333333333332,6.882506003549063,2.940425680719727e-12,True
155,0.75,5.0,0.9935483870967742,7.002457325978542,1.2575496199929148e-12,True
160,0.75,5.0,0.99375,7.12039324756716,5.381251000358134e-13,True
165,0.75,5.0,0.993939393939394,7.236411857105465,2.3037127760972e-13,True
170,0.75,5.0,0.9941176470588236,7.350603549982791,9.85878045867139e-14,True
175,0.75,5.0,0.9942857142857144,7.46305184607094,4.2188474935755955e-14,True
180,0.75,5.0,0.9944444444444444,7.57383409925006,1.809663530139005e-14,True
185,0.75,5.0,0.9945945945945946,7.68302211560196,7.771561172376096e-15,True
190,0.75,5.0,0.9947368421052633,7.790682694225536,3.3306690738754696e-15,True
195,0.75,5.0,0.9948717948717948,7.896878102179605,1.4432899320127037e-15,True
200,0.75,5.0,0.995,8.001666493091715,6.661338147750939e-16,True
5,0.9,5.0,1.0,0.74535599249993,0.2280282701251279,False
10,0.9,5.0,1.0,1.0540925533894598,0.1459202725718942,False
5,0.9,5.0,1.0,0.74535599249993,0.2280282701251279,False
10,0.9,5.0,0.9,0.0,0.5,False
15,0.9,5.0,0.9333333333333332,0.4303314829119353,0.3334772643464097,False
20,0.9,5.0,0.95,0.74535599249993,0.2280282701251279,False
25,0.9,5.0,0.96,1.0000000000000002,0.1586552539314569,False
30,0.9,5.0,0.9666666666666668,1.2171612389003692,0.1117714372856601,False
35,0.9,5.0,0.9428571428571428,0.8451542547285167,0.1990123597534688,False
40,0.9,5.0,0.95,1.0540925533894598,0.1459202725718942,False
45,0.9,5.0,0.9555555555555556,1.2422599874998832,0.1070703265763401,False
50,0.9,5.0,0.96,1.4142135623730951,0.0786496035251425,False
55,0.9,5.0,0.9636363636363636,1.5731330124142318,0.0578440111497546,False
60,0.9,5.0,0.9666666666666668,1.7213259316477412,0.0425958482179397,False
65,0.9,5.0,0.9692307692307692,1.860521018838127,0.0314059237580492,False
70,0.9,5.0,0.9714285714285714,1.9920476822239896,0.0231829132189225,False
75,0.9,5.0,0.96,1.7320508075688776,0.0416322583317751,False
80,0.9,5.0,0.9625,1.8633899812498247,0.0312037092843529,False
85,0.9,5.0,0.9647058823529412,1.988529196671015,0.0233765966240255,False
90,0.9,5.0,0.9555555555555556,1.7568209223157665,0.0394741688580004,False
95,0.9,5.0,0.9578947368421052,1.880960312156116,0.0299886589122642,False
100,0.9,5.0,0.96,2.0000000000000004,0.0227501319481792,False
105,0.9,5.0,0.961904761904762,2.114450158055156,0.0172384187522076,False
110,0.9,5.0,0.9636363636363636,2.2247460415730487,0.0130491457706535,False
115,0.9,5.0,0.9652173913043478,2.331262020600785,0.0098697737849691,False
120,0.9,5.0,0.9666666666666668,2.4343224778007384,0.0074598481529108,False
125,0.9,5.0,0.968,2.5342103744997617,0.0056350524246415,False
130,0.9,5.0,0.9615384615384616,2.3388213848187447,0.0096723397440097,False
135,0.9,5.0,0.9555555555555556,2.151657414559676,0.0157121732608912,False
140,0.9,5.0,0.9571428571428572,2.2537446792760445,0.0121061174186427,False
145,0.9,5.0,0.9586206896551724,2.3529552625226327,0.0093124373726825,False
150,0.9,5.0,0.96,2.4494897427831783,0.0071529392177147,False
155,0.9,5.0,0.9612903225806452,2.5435278748579133,0.0054869650276442,False
160,0.9,5.0,0.9625,2.63523138347365,0.0042039972886246,False
165,0.9,5.0,0.9575757575757576,2.4652466565114897,0.0068459480826912,False
170,0.9,5.0,0.9529411764705882,2.300894966542112,0.0106987843484595,False
175,0.9,5.0,0.9542857142857144,2.393774995725106,0.0083379876302339,False
180,0.9,5.0,0.9555555555555556,2.4845199749997664,0.0064863114995217,False
185,0.9,5.0,0.9567567567567568,2.5732511773283275,0.0050374030571727,False
190,0.9,5.0,0.9578947368421052,2.6600795837367097,0.0039061094904636,False
195,0.9,5.0,0.958974358974359,2.74510701715116,0.0030245584016274,False
200,0.9,5.0,0.96,2.8284271247461903,0.0023388674905235,False
5,0.9,5.0,1.0,0.74535599249993,0.2280282701251279,False
10,0.9,5.0,1.0,1.0540925533894598,0.1459202725718942,False
15,0.9,5.0,1.0,1.2909944487358058,0.0983528012294734,False
20,0.9,5.0,1.0,1.49071198499986,0.0680185640570718,False
25,0.9,5.0,1.0,1.666666666666667,0.0477903522728146,False
30,0.9,5.0,1.0,1.8257418583505536,0.0339445774309145,False
35,0.9,5.0,1.0,1.972026594366539,0.0243032853367178,False
40,0.9,5.0,1.0,2.10818510677892,0.0175074905098312,False
45,0.9,5.0,1.0,2.23606797749979,0.0126736593387342,False
50,0.9,5.0,1.0,2.3570226039551585,0.0092110627270495,False
55,0.9,5.0,1.0,2.472066162365221,0.0067167326028858,False
60,0.9,5.0,1.0,2.581988897471612,0.0049116372537596,False
65,0.9,5.0,1.0,2.68741924943285,0.0036003255224522,False
70,0.9,5.0,1.0,2.788866755113585,0.0026446410711469,False
75,0.9,5.0,1.0,2.886751345948129,0.0019462085613892,False
80,0.9,5.0,1.0,2.98142396999972,0.0014345563960382,False
85,0.9,5.0,1.0,3.073181485764296,0.0010589482119882,False
90,0.9,5.0,1.0,3.1622776601683795,0.0007827011290012,False
95,0.9,5.0,1.0,3.2489314482696545,0.0005791969539072,False
100,0.9,5.0,1.0,3.333333333333334,0.0004290603331968,False
105,0.9,5.0,1.0,3.4156502553198664,0.0003181495706201,False
110,0.9,5.0,1.0,3.496029493900505,0.0002361182498152,False
115,0.9,5.0,1.0,3.574601764921203,0.0001753806838538,False
120,0.9,5.0,1.0,3.651483716701108,0.0001303648164276,False
125,0.9,5.0,1.0,3.72677996249965,9.697081455184442e-05,False
130,0.9,5.0,1.0,3.8005847503304606,7.217751740307143e-05,False
135,0.9,5.0,1.0,3.872983346207417,5.3755588364734486e-05,False
140,0.9,5.0,1.0,3.944053188733078,4.0057938280213534e-05,False
145,0.9,5.0,1.0,4.013864859597432,2.9866276948897763e-05,True
150,0.9,5.0,1.0,4.08248290463863,2.2278545302012454e-05,True
155,0.9,5.0,1.0,4.149966532662911,1.662619449493974e-05,True
160,0.9,5.0,1.0,4.216370213557839,1.2413303169367396e-05,True
165,0.9,5.0,1.0,4.281744192888377,9.27170407649669e-06,True
170,0.9,5.0,1.0,4.346134936801766,6.927867561401513e-06,True
175,0.9,5.0,1.0,4.409585518440984,5.178432685104539e-06,True
180,0.9,5.0,1.0,4.47213595499958,3.8721082155079856e-06,True
185,0.9,5.0,1.0,4.533823502911815,2.896271862340427e-06,True
190,0.9,5.0,1.0,4.594682917363408,2.1670390014660867e-06,True
195,0.9,5.0,1.0,4.654746681256314,1.6218963387881755e-06,True
200,0.9,5.0,1.0,4.714045207910317,1.2142337364462463e-06,True
5,0.9,5.0,1.0,0.74535599249993,0.2280282701251279,False
10,0.9,5.0,1.0,1.0540925533894598,0.1459202725718942,False
15,0.9,5.0,1.0,1.2909944487358058,0.0983528012294734,False
20,0.9,5.0,1.0,1.49071198499986,0.0680185640570718,False
25,0.9,5.0,1.0,1.666666666666667,0.0477903522728146,False
30,0.9,5.0,1.0,1.8257418583505536,0.0339445774309145,False
35,0.9,5.0,1.0,1.972026594366539,0.0243032853367178,False
40,0.9,5.0,1.0,2.10818510677892,0.0175074905098312,False
45,0.9,5.0,0.9777777777777776,1.7391639824998364,0.0410029614333355,False
50,0.9,5.0,0.98,1.885618083164127,0.0296732193959599,False
55,0.9,5.0,0.9818181818181818,2.0225995873897267,0.0215572233915376,False
60,0.9,5.0,0.9833333333333332,2.1516574145596765,0.0157121732608912,False
65,0.9,5.0,0.9846153846153848,2.2739701341354883,0.0114838911351069,False
70,0.9,5.0,0.9857142857142858,2.390457218668788,0.0084137047413783,False
75,0.9,5.0,0.9866666666666668,2.5018511664883785,0.006177292508936,False
80,0.9,5.0,0.9875,2.608745973749755,0.0045437337262195,False
85,0.9,5.0,0.9882352941176472,2.711630722733202,0.0033476567693755,False
90,0.9,5.0,0.9888888888888888,2.8109134757052265,0.0024700534420606,False
95,0.9,5.0,0.9894736842105264,2.90693866424127,0.0018249237780267,False
100,0.9,5.0,0.99,3.0000000000000004,0.0013498980316301,False
105,0.9,5.0,0.9904761904761904,3.090350231003689,0.0009996030087954,False
110,0.9,5.0,0.990909090909091,3.178208630818641,0.0007409403873601,False
115,0.9,5.0,0.991304347826087,3.2637668288410984,0.0005497080260948,False
120,0.9,5.0,0.9916666666666668,3.3471934069760154,0.0004081711669829,False
125,0.9,5.0,0.992,3.428637565499678,0.0003033095104916,False
130,0.9,5.0,0.9923076923076924,3.5082320772281173,0.0002255476738071,False
135,0.9,5.0,0.9925925925925926,3.586095690932794,0.000167832914884,False
140,0.9,5.0,0.9928571428571428,3.662335103823572,0.0001249633139539,False
145,0.9,5.0,0.993103448275862,3.7370465934182993,9.309721542838378e-05,False
150,0.9,5.0,0.9933333333333332,3.810317377662722,6.939425173935199e-05,False
155,0.9,5.0,0.9935483870967742,3.882226756362078,5.175214550989793e-05,False
160,0.9,5.0,0.99375,3.952847075210475,3.861339775279582e-05,False
165,0.9,5.0,0.993939393939394,4.022244544834536,2.882308039031667e-05,True
170,0.9,5.0,0.9941176470588236,4.09047994051931,2.152407221500674e-05,True
175,0.9,5.0,0.9942857142857144,4.1576092031015,1.6079777815924956e-05,True
180,0.9,5.0,0.9944444444444444,4.223683957499603,1.2017051120638556e-05,True
185,0.9,5.0,0.9945945945945946,4.28875196221388,8.983994531419626e-06,True
190,0.9,5.0,0.9947368421052633,4.35285750066007,6.718724882004423e-06,True
195,0.9,5.0,0.9948717948717948,4.416041723243169,5.026234467409019e-06,True
200,0.9,5.0,0.995,4.478342947514801,3.761234153798476e-06,True
5,0.9,5.0,1.0,0.74535599249993,0.2280282701251279,False
10,0.9,5.0,1.0,1.0540925533894598,0.1459202725718942,False
15,0.9,5.0,1.0,1.2909944487358058,0.0983528012294734,False
20,0.9,5.0,1.0,1.49071198499986,0.0680185640570718,False
25,0.9,5.0,1.0,1.666666666666667,0.0477903522728146,False
30,0.9,5.0,1.0,1.8257418583505536,0.0339445774309145,False
35,0.9,5.0,1.0,1.972026594366539,0.0243032853367178,False
40,0.9,5.0,1.0,2.10818510677892,0.0175074905098312,False
45,0.9,5.0,1.0,2.23606797749979,0.0126736593387342,False
50,0.9,5.0,1.0,2.3570226039551585,0.0092110627270495,False
55,0.9,5.0,1.0,2.472066162365221,0.0067167326028858,False
60,0.9,5.0,1.0,2.581988897471612,0.0049116372537596,False
65,0.9,5.0,1.0,2.68741924943285,0.0036003255224522,False
70,0.9,5.0,1.0,2.788866755113585,0.0026446410711469,False
75,0.9,5.0,1.0,2.886751345948129,0.0019462085613892,False
80,0.9,5.0,1.0,2.98142396999972,0.0014345563960382,False
85,0.9,5.0,1.0,3.073181485764296,0.0010589482119882,False
90,0.9,5.0,1.0,3.1622776601683795,0.0007827011290012,False
95,0.9,5.0,1.0,3.2489314482696545,0.0005791969539072,False
100,0.9,5.0,1.0,3.333333333333334,0.0004290603331968,False
105,0.9,5.0,1.0,3.4156502553198664,0.0003181495706201,False
110,0.9,5.0,1.0,3.496029493900505,0.0002361182498152,False
115,0.9,5.0,1.0,3.574601764921203,0.0001753806838538,False
120,0.9,5.0,1.0,3.651483716701108,0.0001303648164276,False
125,0.9,5.0,1.0,3.72677996249965,9.697081455184442e-05,False
130,0.9,5.0,1.0,3.8005847503304606,7.217751740307143e-05,False
135,0.9,5.0,1.0,3.872983346207417,5.3755588364734486e-05,False
140,0.9,5.0,1.0,3.944053188733078,4.0057938280213534e-05,False
145,0.9,5.0,1.0,4.013864859597432,2.9866276948897763e-05,True
150,0.9,5.0,1.0,4.08248290463863,2.2278545302012454e-05,True
155,0.9,5.0,1.0,4.149966532662911,1.662619449493974e-05,True
160,0.9,5.0,1.0,4.216370213557839,1.2413303169367396e-05,True
165,0.9,5.0,1.0,4.281744192888377,9.27170407649669e-06,True
170,0.9,5.0,1.0,4.346134936801766,6.927867561401513e-06,True
175,0.9,5.0,1.0,4.409585518440984,5.178432685104539e-06,True
180,0.9,5.0,1.0,4.47213595499958,3.8721082155079856e-06,True
185,0.9,5.0,1.0,4.533823502911815,2.896271862340427e-06,True
190,0.9,5.0,1.0,4.594682917363408,2.1670390014660867e-06,True
195,0.9,5.0,1.0,4.654746681256314,1.6218963387881755e-06,True
200,0.9,5.0,1.0,4.714045207910317,1.2142337364462463e-06,True
5,0.9,5.0,1.0,0.74535599249993,0.2280282701251279,False
10,0.9,5.0,1.0,1.0540925533894598,0.1459202725718942,False
15,0.9,5.0,1.0,1.2909944487358058,0.0983528012294734,False
20,0.9,5.0,1.0,1.49071198499986,0.0680185640570718,False
25,0.9,5.0,1.0,1.666666666666667,0.0477903522728146,False
30,0.9,5.0,1.0,1.8257418583505536,0.0339445774309145,False
35,0.9,5.0,1.0,1.972026594366539,0.0243032853367178,False
40,0.9,5.0,1.0,2.10818510677892,0.0175074905098312,False
45,0.9,5.0,1.0,2.23606797749979,0.0126736593387342,False
50,0.9,5.0,1.0,2.3570226039551585,0.0092110627270495,False
55,0.9,5.0,1.0,2.472066162365221,0.0067167326028858,False
60,0.9,5.0,1.0,2.581988897471612,0.0049116372537596,False
65,0.9,5.0,1.0,2.68741924943285,0.0036003255224522,False
70,0.9,5.0,1.0,2.788866755113585,0.0026446410711469,False
75,0.9,5.0,1.0,2.886751345948129,0.0019462085613892,False
80,0.9,5.0,1.0,2.98142396999972,0.0014345563960382,False
85,0.9,5.0,1.0,3.073181485764296,0.0010589482119882,False
90,0.9,5.0,1.0,3.1622776601683795,0.0007827011290012,False
95,0.9,5.0,1.0,3.2489314482696545,0.0005791969539072,False
100,0.9,5.0,1.0,3.333333333333334,0.0004290603331968,False
105,0.9,5.0,1.0,3.4156502553198664,0.0003181495706201,False
110,0.9,5.0,1.0,3.496029493900505,0.0002361182498152,False
115,0.9,5.0,1.0,3.574601764921203,0.0001753806838538,False
120,0.9,5.0,1.0,3.651483716701108,0.0001303648164276,False
125,0.9,5.0,1.0,3.72677996249965,9.697081455184442e-05,False
130,0.9,5.0,1.0,3.8005847503304606,7.217751740307143e-05,False
135,0.9,5.0,1.0,3.872983346207417,5.3755588364734486e-05,False
140,0.9,5.0,1.0,3.944053188733078,4.0057938280213534e-05,False
145,0.9,5.0,1.0,4.013864859597432,2.9866276948897763e-05,True
150,0.9,5.0,1.0,4.08248290463863,2.2278545302012454e-05,True
155,0.9,5.0,1.0,4.149966532662911,1.662619449493974e-05,True
160,0.9,5.0,1.0,4.216370213557839,1.2413303169367396e-05,True
165,0.9,5.0,1.0,4.281744192888377,9.27170407649669e-06,True
170,0.9,5.0,1.0,4.346134936801766,6.927867561401513e-06,True
175,0.9,5.0,1.0,4.409585518440984,5.178432685104539e-06,True
180,0.9,5.0,1.0,4.47213595499958,3.8721082155079856e-06,True
185,0.9,5.0,1.0,4.533823502911815,2.896271862340427e-06,True
190,0.9,5.0,1.0,4.594682917363408,2.1670390014660867e-06,True
195,0.9,5.0,1.0,4.654746681256314,1.6218963387881755e-06,True
200,0.9,5.0,1.0,4.714045207910317,1.2142337364462463e-06,True
5,0.9,5.0,1.0,0.74535599249993,0.2280282701251279,False
10,0.9,5.0,1.0,1.0540925533894598,0.1459202725718942,False
15,0.9,5.0,1.0,1.2909944487358058,0.0983528012294734,False
20,0.9,5.0,1.0,1.49071198499986,0.0680185640570718,False
25,0.9,5.0,1.0,1.666666666666667,0.0477903522728146,False
30,0.9,5.0,1.0,1.8257418583505536,0.0339445774309145,False
35,0.9,5.0,1.0,1.972026594366539,0.0243032853367178,False
40,0.9,5.0,1.0,2.10818510677892,0.0175074905098312,False
45,0.9,5.0,1.0,2.23606797749979,0.0126736593387342,False
50,0.9,5.0,1.0,2.3570226039551585,0.0092110627270495,False
55,0.9,5.0,1.0,2.472066162365221,0.0067167326028858,False
60,0.9,5.0,1.0,2.581988897471612,0.0049116372537596,False
65,0.9,5.0,1.0,2.68741924943285,0.0036003255224522,False
70,0.9,5.0,1.0,2.788866755113585,0.0026446410711469,False
75,0.9,5.0,1.0,2.886751345948129,0.0019462085613892,False
80,0.9,5.0,1.0,2.98142396999972,0.0014345563960382,False
85,0.9,5.0,1.0,3.073181485764296,0.0010589482119882,False
90,0.9,5.0,1.0,3.1622776601683795,0.0007827011290012,False
95,0.9,5.0,1.0,3.2489314482696545,0.0005791969539072,False
100,0.9,5.0,1.0,3.333333333333334,0.0004290603331968,False
105,0.9,5.0,1.0,3.4156502553198664,0.0003181495706201,False
110,0.9,5.0,1.0,3.496029493900505,0.0002361182498152,False
115,0.9,5.0,1.0,3.574601764921203,0.0001753806838538,False
120,0.9,5.0,0.9916666666666668,3.3471934069760154,0.0004081711669829,False
125,0.9,5.0,0.992,3.428637565499678,0.0003033095104916,False
130,0.9,5.0,0.9923076923076924,3.5082320772281173,0.0002255476738071,False
135,0.9,5.0,0.9851851851851852,3.2992080356581703,0.0004847901396445,False
140,0.9,5.0,0.9857142857142858,3.3806170189140667,0.000361616358215,False
145,0.9,5.0,0.986206896551724,3.460228327239166,0.0002698587673204,False
150,0.9,5.0,0.9866666666666668,3.538151850686813,0.0002014691296312,False
155,0.9,5.0,0.9870967741935484,3.614486980061245,0.0001504714691851,False
160,0.9,5.0,0.9875,3.6893239368631097,0.0001124253859594,False
165,0.9,5.0,0.987878787878788,3.762744896780695,8.402930325535074e-05,False
170,0.9,5.0,0.9882352941176472,3.834824944236853,6.282687722913849e-05,False
175,0.9,5.0,0.9885714285714284,3.905632887762015,4.698954763737717e-05,False
180,0.9,5.0,0.9888888888888888,3.9752319599996255,3.5155346485682415e-05,False
185,0.9,5.0,0.9891891891891892,4.043680421515943,2.6309315011019407e-05,True
190,0.9,5.0,0.9894736842105264,4.111032083956733,1.969472281182494e-05,True
195,0.9,5.0,0.9897435897435898,4.1773367652300255,1.4747109272184034e-05,True
200,0.9,5.0,0.99,4.242640687119286,1.1045248499375049e-05,True
5,0.9,5.0,1.0,0.74535599249993,0.2280282701251279,False
10,0.9,5.0,1.0,1.0540925533894598,0.1459202725718942,False
15,0.9,5.0,1.0,1.2909944487358058,0.0983528012294734,False
20,0.9,5.0,1.0,1.49071198499986,0.0680185640570718,False
25,0.9,5.0,1.0,1.666666666666667,0.0477903522728146,False
30,0.9,5.0,1.0,1.8257418583505536,0.0339445774309145,False
35,0.9,5.0,1.0,1.972026594366539,0.0243032853367178,False
40,0.9,5.0,1.0,2.10818510677892,0.0175074905098312,False
45,0.9,5.0,1.0,2.23606797749979,0.0126736593387342,False
50,0.9,5.0,1.0,2.3570226039551585,0.0092110627270495,False
55,0.9,5.0,1.0,2.472066162365221,0.0067167326028858,False
60,0.9,5.0,1.0,2.581988897471612,0.0049116372537596,False
65,0.9,5.0,1.0,2.68741924943285,0.0036003255224522,False
70,0.9,5.0,1.0,2.788866755113585,0.0026446410711469,False
75,0.9,5.0,1.0,2.886751345948129,0.0019462085613892,False
80,0.9,5.0,1.0,2.98142396999972,0.0014345563960382,False
85,0.9,5.0,1.0,3.073181485764296,0.0010589482119882,False
90,0.9,5.0,1.0,3.1622776601683795,0.0007827011290012,False
95,0.9,5.0,1.0,3.2489314482696545,0.0005791969539072,False
100,0.9,5.0,1.0,3.333333333333334,0.0004290603331968,False
105,0.9,5.0,1.0,3.4156502553198664,0.0003181495706201,False
110,0.9,5.0,1.0,3.496029493900505,0.0002361182498152,False
115,0.9,5.0,1.0,3.574601764921203,0.0001753806838538,False
120,0.9,5.0,1.0,3.651483716701108,0.0001303648164276,False
125,0.9,5.0,1.0,3.72677996249965,9.697081455184442e-05,False
130,0.9,5.0,1.0,3.8005847503304606,7.217751740307143e-05,False
135,0.9,5.0,1.0,3.872983346207417,5.3755588364734486e-05,False
140,0.9,5.0,1.0,3.944053188733078,4.0057938280213534e-05,False
145,0.9,5.0,1.0,4.013864859597432,2.9866276948897763e-05,True
150,0.9,5.0,1.0,4.08248290463863,2.2278545302012454e-05,True
155,0.9,5.0,1.0,4.149966532662911,1.662619449493974e-05,True
160,0.9,5.0,1.0,4.216370213557839,1.2413303169367396e-05,True
165,0.9,5.0,1.0,4.281744192888377,9.27170407649669e-06,True
170,0.9,5.0,1.0,4.346134936801766,6.927867561401513e-06,True
175,0.9,5.0,1.0,4.409585518440984,5.178432685104539e-06,True
180,0.9,5.0,1.0,4.47213595499958,3.8721082155079856e-06,True
185,0.9,5.0,1.0,4.533823502911815,2.896271862340427e-06,True
190,0.9,5.0,1.0,4.594682917363408,2.1670390014660867e-06,True
195,0.9,5.0,1.0,4.654746681256314,1.6218963387881755e-06,True
200,0.9,5.0,1.0,4.714045207910317,1.2142337364462463e-06,True
